"","Season","Fragment","nsp","jack1","jack1.se","rareInd","rareInd.se","specden","specden.se","specden.nrep","mean","sd","nrep","invS","invS.se","expH","expH.se","dat_subset","resp","Area_m2","Perimeter_m","Shape_fractalD","PC1","PC2","PC3","PC4"
"1",2000,"Akkamalai_Iyerpadi",52,62.8533333333333,3.56117333972324,22.8425886971375,2.2305679660299,7.70970970970971,0.475676731111432,999,NA,NA,NA,7.71645300073164,0.335592188774854,7.91825715086726,0.336120336723929,"all","richness",43099800,136575.6259,1.18758999323785,-2.55177881968427,-0.683140050137238,-0.372779200136689,0.90721003638257
"2",2000,"Andiparai",40,49.7619047619048,4.16401276025587,20.1142475454262,2.02023816721809,8.74374374374374,0.625043804796293,999,NA,NA,NA,8.55471285328428,0.471786292699555,8.7366726981352,0.490955951730855,"all","richness",3270000,16621.0744,1.11092872124682,-1.02310872429136,-0.6011840410311,0.130422514975684,-0.471132723988322
"3",2000,"Candura",NA,NA,NA,NA,NA,NA,NA,NA,NA,NA,NA,NA,NA,NA,NA,"all","richness",NA,NA,NA,NA,NA,NA,NA
"4",2000,"Injiparai",NA,NA,NA,NA,NA,NA,NA,NA,NA,NA,NA,NA,NA,NA,NA,"all","richness",NA,NA,NA,NA,NA,NA,NA
"5",2000,"Iyerpadi-Top",NA,NA,NA,NA,NA,NA,NA,NA,NA,NA,NA,NA,NA,NA,NA,"all","richness",NA,NA,NA,NA,NA,NA,NA
"6",2000,"Karian-Shola",52,70.525,5.4554445281755,23.7927489703634,2.27070110667382,8.00650650650651,0.265232736510298,999,NA,NA,NA,7.24414613164613,0.500178352425209,7.38439482305753,0.501585136838842,"all","richness",8542700,22397.7708,1.08146673914852,-2.23598099853739,-0.0791471069192924,-0.510510896644943,-0.395327333574923
"7",2000,"Korangamudi",60,74.5,4.66368952654441,25.4961434965786,2.47619909648617,9.9049049049049,0.367745073173868,999,NA,NA,NA,9.17954243612138,0.552861198774121,9.57394432672986,0.520912031403217,"all","richness",733200,4665.1673,1.04575990232253,4.27286390311901,-0.788614935469809,0.4908677508156,1.62674955568422
"8",2000,"Manamboly",51,58.8222222222222,2.76557318864072,25.1519503008832,2.2771622199751,9.21621621621622,0.752615544360148,999,NA,NA,NA,9.17626636310533,0.569824025010962,9.47929190690225,0.59464655165887,"all","richness",1749500,11653.4501,1.1098645789596,-2.55910595749692,-0.840517518659218,1.0402948690943,0.220871355806957
"9",2000,"Murugaali-BlackBridge",NA,NA,NA,NA,NA,NA,NA,NA,NA,NA,NA,NA,NA,NA,NA,"all","richness",NA,NA,NA,NA,NA,NA,NA
"10",2000,"Murugaali-Sholayar",NA,NA,NA,NA,NA,NA,NA,NA,NA,NA,NA,NA,NA,NA,NA,"all","richness",NA,NA,NA,NA,NA,NA,NA
"11",2000,"OldValparai",47,52.8,2.7459060435492,24.842440250991,2.27789654263351,9.18118118118118,0.517437619028011,999,NA,NA,NA,8.93405298405298,0.527059097830874,9.15292781305638,0.531642852497929,"all","richness",413100,4504.4459,1.0867348264868,0.39783865761774,-0.657843216711077,0.313279928145499,-0.477833975350568
"12",2000,"Pannimade",48,54.7666666666667,3.51299176075195,23.7714497323425,2.28552311049735,11.0385385385385,0.767100484011977,999,NA,NA,NA,9.9523472413972,0.652806439827657,10.3743759843009,0.644737022135194,"all","richness",921300,7447.913,1.09649722230686,0.409136584550924,0.123109506928644,-0.60878162044899,-0.605710357274338
"13",2000,"Puduthottam",53,65.5666666666667,4.23648176884756,24.6099745116277,2.34547848930121,9.0005005005005,0.842418594242554,999,NA,NA,NA,8.77916564916565,0.597125388911439,9.07327961580172,0.597426653022637,"all","richness",1130800,6052.1937,1.0506030618116,1.40701856939258,-1.3173951929364,0.499946515468623,-0.721498168355601
"14",2000,"Sankarankudi",NA,NA,NA,NA,NA,NA,NA,NA,NA,NA,NA,NA,NA,NA,NA,"all","richness",NA,NA,NA,NA,NA,NA,NA
"15",2000,"Selaliparai1",29,40.1428571428571,5.16661180572146,25.0940239320945,1.44441105006741,8.02202202202202,1.04867294491959,999,NA,NA,NA,8.16190476190476,2.09090802407163,8.3085497538601,2.0616247484138,"all","richness",22200,936.4225,1.09029886105024,1.84603103419437,0.00776086488861427,1.66682866414356,1.64179506601672
"16",2000,"Selaliparai2",29,44,9.52627944162882,29,0,10.2402402402402,1.95293888355682,999,NA,NA,NA,9.59973262032086,2.6341782621203,10.1136028936326,2.81728363505881,"all","richness",6700,359.7341,1.02137136200681,-0.867286214741173,-0.7748341793764,1.47861419893078,0.579738897003669
"17",2000,"Varagaliar",50,65.4666666666667,4.5553387482284,24.5087362719135,2.24995139792548,8.86036036036036,1.08356749087671,999,NA,NA,NA,8.93541974128931,0.769626208411745,9.07711564075334,0.792306825116017,"all","richness",14110900,43267.566,1.12849055214815,0.392309701862843,-3.16361994882716,-3.11920444254995,0.561479527715379
"18",2000,"Varatuparai123",49,69.9,6.67495318335642,25.0070753967624,2.36129064280879,7.5,0.975398793115525,999,NA,NA,NA,6.77357734800459,0.803983163905294,7.04684786752702,0.809985028620057,"all","richness",125200,2744.1716,1.11281735148559,0.623463151614687,-1.23086956469807,-0.876820639172198,-0.481197792738581
"19",2000,"Varatuparai4",20,26.6666666666667,3.4960294939005,18.6074315991075,0.993501871680489,7.49299299299299,1.05957366126109,999,NA,NA,NA,6.8312447786132,1.42419705918642,7.26444089991696,1.4561089365728,"all","richness",38500,1676.2152,1.14373230429723,1.8047542400775,-0.807673556498543,-0.0810132215889249,1.00029814970099
"20",2002,"Akkamalai_Iyerpadi",41,53.5666666666667,4.23648176884756,22.0312221301741,2.1044690598283,8.78978978978979,0.851060787949619,999,NA,NA,NA,8.7120202020202,0.650461329218145,8.81583029598582,0.653241497925226,"all","richness",43099800,136575.6259,1.18758999323785,-2.55177881968427,-0.683140050137238,-0.372779200136689,0.90721003638257
"21",2002,"Andiparai",37,44.7333333333333,2.73414622058798,22.149304351954,2.01454079190911,8.04304304304304,0.292951857359892,999,NA,NA,NA,8.03858585858586,0.480028836126849,8.10945900416617,0.477418339296103,"all","richness",3270000,16621.0744,1.11092872124682,-1.02310872429136,-0.6011840410311,0.130422514975684,-0.471132723988322
"22",2002,"Candura",NA,NA,NA,NA,NA,NA,NA,NA,NA,NA,NA,NA,NA,NA,NA,"all","richness",NA,NA,NA,NA,NA,NA,NA
"23",2002,"Injiparai",54,68.5,4.45159147571592,24.4258530133832,2.42187298348141,8.27227227227227,0.547303411271958,999,NA,NA,NA,7.97906543536978,0.495440766320767,8.23615438105174,0.516798331861582,"all","richness",189800,2290.384,1.04497671260108,1.69456066369744,-0.994156883596452,0.156123572224492,-0.955398174307941
"24",2002,"Iyerpadi-Top",NA,NA,NA,NA,NA,NA,NA,NA,NA,NA,NA,NA,NA,NA,NA,"all","richness",NA,NA,NA,NA,NA,NA,NA
"25",2002,"Karian-Shola",NA,NA,NA,NA,NA,NA,NA,NA,NA,NA,NA,NA,NA,NA,NA,"all","richness",NA,NA,NA,NA,NA,NA,NA
"26",2002,"Korangamudi",54,66.5666666666667,4.00180514823554,25.6296773896944,2.35577225013975,8.9029029029029,0.554252626090882,999,NA,NA,NA,8.6164155670038,0.606324564130476,8.83871458629915,0.588082312183785,"all","richness",733200,4665.1673,1.04575990232253,4.27286390311901,-0.788614935469809,0.4908677508156,1.62674955568422
"27",2002,"Manamboly",53,68.3846153846154,6.30816133340643,25.4366706176291,2.34080470317343,8.6981981981982,0.826815580868122,999,NA,NA,NA,8.84679024679025,0.902291537640671,9.03402238621064,0.916859070494122,"all","richness",1749500,11653.4501,1.1098645789596,-2.55910595749692,-0.840517518659218,1.0402948690943,0.220871355806957
"28",2002,"Murugaali-BlackBridge",NA,NA,NA,NA,NA,NA,NA,NA,NA,NA,NA,NA,NA,NA,NA,"all","richness",NA,NA,NA,NA,NA,NA,NA
"29",2002,"Murugaali-Sholayar",NA,NA,NA,NA,NA,NA,NA,NA,NA,NA,NA,NA,NA,NA,NA,"all","richness",NA,NA,NA,NA,NA,NA,NA
"30",2002,"OldValparai",42,52.6333333333333,3.49459900735724,22.5143428218874,2.15915227840586,8.32982982982983,0.753795387385169,999,NA,NA,NA,7.81215010479716,0.589608148480393,7.96780910176339,0.598052967990543,"all","richness",413100,4504.4459,1.0867348264868,0.39783865761774,-0.657843216711077,0.313279928145499,-0.477833975350568
"31",2002,"Pannimade",NA,NA,NA,NA,NA,NA,NA,NA,NA,NA,NA,NA,NA,NA,NA,"all","richness",NA,NA,NA,NA,NA,NA,NA
"32",2002,"Puduthottam",47,66.3333333333333,5.67646212197547,22.2848057563669,2.25737179897476,7.65215215215215,0.450865203510257,999,NA,NA,NA,7.51556754792049,0.470619602054726,7.71906253817374,0.470777061006963,"all","richness",1130800,6052.1937,1.0506030618116,1.40701856939258,-1.3173951929364,0.499946515468623,-0.721498168355601
"33",2002,"Sankarankudi",45,58.44,4.5367830012025,23.8153161338561,2.17509451952055,9.35235235235235,0.82542997356195,999,NA,NA,NA,8.89219047619048,0.655156706370116,9.08671014524977,0.671653920893232,"all","richness",2524900,11857.56,1.08459947502157,0.786284673774534,-1.80785734329928,0.758155373694823,-1.37815099732593
"34",2002,"Selaliparai1",NA,NA,NA,NA,NA,NA,NA,NA,NA,NA,NA,NA,NA,NA,NA,"all","richness",NA,NA,NA,NA,NA,NA,NA
"35",2002,"Selaliparai2",NA,NA,NA,NA,NA,NA,NA,NA,NA,NA,NA,NA,NA,NA,NA,"all","richness",NA,NA,NA,NA,NA,NA,NA
"36",2002,"Varagaliar",NA,NA,NA,NA,NA,NA,NA,NA,NA,NA,NA,NA,NA,NA,NA,"all","richness",NA,NA,NA,NA,NA,NA,NA
"37",2002,"Varatuparai123",NA,NA,NA,NA,NA,NA,NA,NA,NA,NA,NA,NA,NA,NA,NA,"all","richness",NA,NA,NA,NA,NA,NA,NA
"38",2002,"Varatuparai4",NA,NA,NA,NA,NA,NA,NA,NA,NA,NA,NA,NA,NA,NA,NA,"all","richness",NA,NA,NA,NA,NA,NA,NA
"39",2003,"Akkamalai_Iyerpadi",36,42.7666666666667,2.55755960069577,22.0594580076867,1.97260012815133,8.35485485485485,0.817796757775433,999,NA,NA,NA,8.28781536546242,0.579730450552677,8.45589414966993,0.580994723551428,"all","richness",43099800,136575.6259,1.18758999323785,-2.55177881968427,-0.683140050137238,-0.372779200136689,0.90721003638257
"40",2003,"Andiparai",NA,NA,NA,NA,NA,NA,NA,NA,NA,NA,NA,NA,NA,NA,NA,"all","richness",NA,NA,NA,NA,NA,NA,NA
"41",2003,"Candura",NA,NA,NA,NA,NA,NA,NA,NA,NA,NA,NA,NA,NA,NA,NA,"all","richness",NA,NA,NA,NA,NA,NA,NA
"42",2003,"Injiparai",50,65.4666666666667,4.33794626266598,22.9849561668754,2.32715137052841,8.63963963963964,0.494732038430876,999,NA,NA,NA,7.648351439221,0.518613020128839,8.01023433737487,0.514835790459813,"all","richness",189800,2290.384,1.04497671260108,1.69456066369744,-0.994156883596452,0.156123572224492,-0.955398174307941
"43",2003,"Iyerpadi-Top",NA,NA,NA,NA,NA,NA,NA,NA,NA,NA,NA,NA,NA,NA,NA,"all","richness",NA,NA,NA,NA,NA,NA,NA
"44",2003,"Karian-Shola",NA,NA,NA,NA,NA,NA,NA,NA,NA,NA,NA,NA,NA,NA,NA,"all","richness",NA,NA,NA,NA,NA,NA,NA
"45",2003,"Korangamudi",NA,NA,NA,NA,NA,NA,NA,NA,NA,NA,NA,NA,NA,NA,NA,"all","richness",NA,NA,NA,NA,NA,NA,NA
"46",2003,"Manamboly",NA,NA,NA,NA,NA,NA,NA,NA,NA,NA,NA,NA,NA,NA,NA,"all","richness",NA,NA,NA,NA,NA,NA,NA
"47",2003,"Murugaali-BlackBridge",NA,NA,NA,NA,NA,NA,NA,NA,NA,NA,NA,NA,NA,NA,NA,"all","richness",NA,NA,NA,NA,NA,NA,NA
"48",2003,"Murugaali-Sholayar",NA,NA,NA,NA,NA,NA,NA,NA,NA,NA,NA,NA,NA,NA,NA,"all","richness",NA,NA,NA,NA,NA,NA,NA
"49",2003,"OldValparai",NA,NA,NA,NA,NA,NA,NA,NA,NA,NA,NA,NA,NA,NA,NA,"all","richness",NA,NA,NA,NA,NA,NA,NA
"50",2003,"Pannimade",NA,NA,NA,NA,NA,NA,NA,NA,NA,NA,NA,NA,NA,NA,NA,"all","richness",NA,NA,NA,NA,NA,NA,NA
"51",2003,"Puduthottam",49,68.3333333333333,5.67646212197547,23.5487232363629,2.28462608136714,6.62112112112112,0.689779628734263,999,NA,NA,NA,6.87253302253302,0.510101796888391,7.06412862384381,0.507033067882445,"all","richness",1130800,6052.1937,1.0506030618116,1.40701856939258,-1.3173951929364,0.499946515468623,-0.721498168355601
"52",2003,"Sankarankudi",NA,NA,NA,NA,NA,NA,NA,NA,NA,NA,NA,NA,NA,NA,NA,"all","richness",NA,NA,NA,NA,NA,NA,NA
"53",2003,"Selaliparai1",NA,NA,NA,NA,NA,NA,NA,NA,NA,NA,NA,NA,NA,NA,NA,"all","richness",NA,NA,NA,NA,NA,NA,NA
"54",2003,"Selaliparai2",NA,NA,NA,NA,NA,NA,NA,NA,NA,NA,NA,NA,NA,NA,NA,"all","richness",NA,NA,NA,NA,NA,NA,NA
"55",2003,"Varagaliar",NA,NA,NA,NA,NA,NA,NA,NA,NA,NA,NA,NA,NA,NA,NA,"all","richness",NA,NA,NA,NA,NA,NA,NA
"56",2003,"Varatuparai123",NA,NA,NA,NA,NA,NA,NA,NA,NA,NA,NA,NA,NA,NA,NA,"all","richness",NA,NA,NA,NA,NA,NA,NA
"57",2003,"Varatuparai4",NA,NA,NA,NA,NA,NA,NA,NA,NA,NA,NA,NA,NA,NA,NA,"all","richness",NA,NA,NA,NA,NA,NA,NA
"58",2004,"Akkamalai_Iyerpadi",56,66.8777777777778,3.2797734037959,22.4844628852833,2.23037392940155,8.93993993993994,0.257933044232433,999,NA,NA,NA,8.3493161340055,0.260793496766685,8.66397996404478,0.267127912127547,"all","richness",43099800,136575.6259,1.18758999323785,-2.55177881968427,-0.683140050137238,-0.372779200136689,0.90721003638257
"59",2004,"Andiparai",NA,NA,NA,NA,NA,NA,NA,NA,NA,NA,NA,NA,NA,NA,NA,"all","richness",NA,NA,NA,NA,NA,NA,NA
"60",2004,"Candura",NA,NA,NA,NA,NA,NA,NA,NA,NA,NA,NA,NA,NA,NA,NA,"all","richness",NA,NA,NA,NA,NA,NA,NA
"61",2004,"Injiparai",57,72.4666666666667,4.5553387482284,24.3940504732421,2.43960961263234,8.83333333333333,0.48782778918775,999,NA,NA,NA,8.27391291313892,0.584845269359074,8.64203439681356,0.5824316733411,"all","richness",189800,2290.384,1.04497671260108,1.69456066369744,-0.994156883596452,0.156123572224492,-0.955398174307941
"62",2004,"Iyerpadi-Top",NA,NA,NA,NA,NA,NA,NA,NA,NA,NA,NA,NA,NA,NA,NA,"all","richness",NA,NA,NA,NA,NA,NA,NA
"63",2004,"Karian-Shola",NA,NA,NA,NA,NA,NA,NA,NA,NA,NA,NA,NA,NA,NA,NA,"all","richness",NA,NA,NA,NA,NA,NA,NA
"64",2004,"Korangamudi",64,80.6136363636364,4.48833428212507,25.7958872723184,2.47333462778522,7.12362362362362,0.360197121608867,999,NA,NA,NA,7.47259418770114,0.556187535651484,7.77390798351979,0.546781195065549,"all","richness",733200,4665.1673,1.04575990232253,4.27286390311901,-0.788614935469809,0.4908677508156,1.62674955568422
"65",2004,"Manamboly",55,64.7777777777778,3.39353051890152,24.9169214177509,2.35481263730634,7.79379379379379,0.462546668307368,999,NA,NA,NA,7.57412734687244,0.450330883538959,7.80193121109042,0.451052943863738,"all","richness",1749500,11653.4501,1.1098645789596,-2.55910595749692,-0.840517518659218,1.0402948690943,0.220871355806957
"66",2004,"Murugaali-BlackBridge",NA,NA,NA,NA,NA,NA,NA,NA,NA,NA,NA,NA,NA,NA,NA,"all","richness",NA,NA,NA,NA,NA,NA,NA
"67",2004,"Murugaali-Sholayar",NA,NA,NA,NA,NA,NA,NA,NA,NA,NA,NA,NA,NA,NA,NA,"all","richness",NA,NA,NA,NA,NA,NA,NA
"68",2004,"OldValparai",60,79.3333333333333,6.00740284057003,25.5718325542609,2.42662372491189,9.26976976976977,0.571577158346039,999,NA,NA,NA,9.20482258482259,0.646611031040113,9.41597308825909,0.634017021749847,"all","richness",413100,4504.4459,1.0867348264868,0.39783865761774,-0.657843216711077,0.313279928145499,-0.477833975350568
"69",2004,"Pannimade",NA,NA,NA,NA,NA,NA,NA,NA,NA,NA,NA,NA,NA,NA,NA,"all","richness",NA,NA,NA,NA,NA,NA,NA
"70",2004,"Puduthottam",54,64.7555555555556,3.53158587116781,23.7815358763444,2.37026646118266,7.68568568568569,0.477242943330987,999,NA,NA,NA,7.32210310386781,0.494190498114303,7.56498337787321,0.494593057890511,"all","richness",1130800,6052.1937,1.0506030618116,1.40701856939258,-1.3173951929364,0.499946515468623,-0.721498168355601
"71",2004,"Sankarankudi",NA,NA,NA,NA,NA,NA,NA,NA,NA,NA,NA,NA,NA,NA,NA,"all","richness",NA,NA,NA,NA,NA,NA,NA
"72",2004,"Selaliparai1",NA,NA,NA,NA,NA,NA,NA,NA,NA,NA,NA,NA,NA,NA,NA,"all","richness",NA,NA,NA,NA,NA,NA,NA
"73",2004,"Selaliparai2",NA,NA,NA,NA,NA,NA,NA,NA,NA,NA,NA,NA,NA,NA,NA,"all","richness",NA,NA,NA,NA,NA,NA,NA
"74",2004,"Varagaliar",NA,NA,NA,NA,NA,NA,NA,NA,NA,NA,NA,NA,NA,NA,NA,"all","richness",NA,NA,NA,NA,NA,NA,NA
"75",2004,"Varatuparai123",NA,NA,NA,NA,NA,NA,NA,NA,NA,NA,NA,NA,NA,NA,NA,"all","richness",NA,NA,NA,NA,NA,NA,NA
"76",2004,"Varatuparai4",NA,NA,NA,NA,NA,NA,NA,NA,NA,NA,NA,NA,NA,NA,NA,"all","richness",NA,NA,NA,NA,NA,NA,NA
"77",2005,"Akkamalai_Iyerpadi",54,61.9252336448598,2.80199322638408,20.6202468576835,2.2214637239682,9.57757757757758,0.60536821777818,999,NA,NA,NA,8.53334403136452,0.351401096377345,9.20510400871368,0.378334750470946,"all","richness",43099800,136575.6259,1.18758999323785,-2.68257402057486,-0.853469374396202,0.283211893302651,0.218556279826341
"78",2005,"Andiparai",49,60.7857142857143,3.40224265772458,20.8398202260668,2.20876956894769,8.56706706706707,0.712053753309194,999,NA,NA,NA,8.21481586599586,0.597522965150914,8.77001511650436,0.641397208595828,"all","richness",3270000,16621.0744,1.11092872124682,-1.03360959086072,-0.619109160665784,0.116112499392861,-0.395812345768714
"79",2005,"Candura",NA,NA,NA,NA,NA,NA,NA,NA,NA,NA,NA,NA,NA,NA,NA,"all","richness",NA,NA,NA,NA,NA,NA,NA
"80",2005,"Injiparai",51,61.6333333333333,3.76105777083463,21.5315333897116,2.39682214884717,9.48248248248248,0.760987284214998,999,NA,NA,NA,8.13975206080621,0.699255049447427,8.96165535405327,0.780499464483471,"all","richness",189800,2290.384,1.04497671260108,1.60152574811717,0.121847005706139,1.14297758019706,-0.906657351104359
"81",2005,"Iyerpadi-Top",NA,NA,NA,NA,NA,NA,NA,NA,NA,NA,NA,NA,NA,NA,NA,"all","richness",NA,NA,NA,NA,NA,NA,NA
"82",2005,"Karian-Shola",NA,NA,NA,NA,NA,NA,NA,NA,NA,NA,NA,NA,NA,NA,NA,"all","richness",NA,NA,NA,NA,NA,NA,NA
"83",2005,"Korangamudi",73,85.7291666666667,4.04730062648071,25.2849292926887,2.5472922743644,10.1166166166166,0.712164672815619,999,NA,NA,NA,9.16256508621654,0.734508679578156,9.95316563417454,0.756287253339823,"all","richness",733200,4665.1673,1.04575990232253,1.75454072876755,-0.0637009523024074,1.1887820010461,-0.877974429890985
"84",2005,"Manamboly",64,72.804347826087,3.25107223842118,25.4672736014668,2.38004685392105,10.2817817817818,1.03274466908888,999,NA,NA,NA,9.81844381354455,0.800039153242485,10.4856898306192,0.86617157080638,"all","richness",1749500,11653.4501,1.1098645789596,-1.45808223945221,-0.966243943931065,0.641569466530744,0.107665916247909
"85",2005,"Murugaali-BlackBridge",NA,NA,NA,NA,NA,NA,NA,NA,NA,NA,NA,NA,NA,NA,NA,"all","richness",NA,NA,NA,NA,NA,NA,NA
"86",2005,"Murugaali-Sholayar",NA,NA,NA,NA,NA,NA,NA,NA,NA,NA,NA,NA,NA,NA,NA,"all","richness",NA,NA,NA,NA,NA,NA,NA
"87",2005,"OldValparai",58,73.5675675675676,4.13434014615631,23.1581977825758,2.41240933760813,8.97197197197197,0.78130409405685,999,NA,NA,NA,9.00247412357749,0.771437881164,9.62232849902091,0.823326908735859,"all","richness",413100,4504.4459,1.0867348264868,-0.548614341383759,-0.519067850127907,0.807812127640379,-0.627964075276018
"88",2005,"Pannimade",55,68.7083333333333,4.16406168568889,22.9844760922651,2.29481607434597,9.94394394394394,0.896922404927976,999,NA,NA,NA,9.14163971101984,0.634685153960904,9.75369400984151,0.687023607705129,"all","richness",921300,7447.913,1.09649722230686,-1.51618975498794,-0.891042545304972,0.485483813862815,-2.20406500675876
"89",2005,"Puduthottam",62,75.7407407407407,4.40172369280082,22.6435389355831,2.37985300203075,10.2262262262262,0.464008060094367,999,NA,NA,NA,9.30986764501163,0.47463803654601,10.1108459614982,0.507281571580291,"all","richness",1130800,6052.1937,1.0506030618116,0.478094759693174,0.470608236744491,1.25577371742388,-0.47056404301112
"90",2005,"Sankarankudi",NA,NA,NA,NA,NA,NA,NA,NA,NA,NA,NA,NA,NA,NA,NA,"all","richness",NA,NA,NA,NA,NA,NA,NA
"91",2005,"Selaliparai1",NA,NA,NA,NA,NA,NA,NA,NA,NA,NA,NA,NA,NA,NA,NA,"all","richness",NA,NA,NA,NA,NA,NA,NA
"92",2005,"Selaliparai2",NA,NA,NA,NA,NA,NA,NA,NA,NA,NA,NA,NA,NA,NA,NA,"all","richness",NA,NA,NA,NA,NA,NA,NA
"93",2005,"Varagaliar",NA,NA,NA,NA,NA,NA,NA,NA,NA,NA,NA,NA,NA,NA,NA,"all","richness",NA,NA,NA,NA,NA,NA,NA
"94",2005,"Varatuparai123",59,77.3666666666667,8.1294389583647,23.5206702477919,2.38546167167296,10.2462462462462,1.14216132328153,999,NA,NA,NA,8.61753018833039,0.851369341241342,9.55413025892982,0.940171735329054,"all","richness",125200,2744.1716,1.11281735148559,0.476593003687,-0.424958763835936,-0.0344848505067977,0.15467459483705
"95",2005,"Varatuparai4",NA,NA,NA,NA,NA,NA,NA,NA,NA,NA,NA,NA,NA,NA,NA,"all","richness",NA,NA,NA,NA,NA,NA,NA
"96",2019,"Akkamalai_Iyerpadi",57,67.8910891089109,3.57259773320173,20.8280802122861,2.3066718554283,8.002002002002,0.431704451520855,999,NA,NA,NA,7.29626345940594,0.28863547747625,7.79993674443116,0.303534408342495,"all","richness",43099800,136575.6259,1.18758999323785,-1.7487398450724,0.375272024176195,-0.818357125718273,0.0818770370734566
"97",2019,"Andiparai",48,59.7735849056604,3.39874120730497,19.6036830579334,2.18463054082791,8.88088088088088,0.478835453583004,999,NA,NA,NA,7.69294128098522,0.369771273105468,8.21705494936511,0.391803333585875,"all","richness",3270000,16621.0744,1.11092872124682,-1.66184434652997,1.00312155178973,-0.190226727231058,1.07922163797179
"98",2019,"Candura",61,71.8103448275862,3.25944160431479,23.7585080177237,2.41302314811374,8.47947947947948,0.755626410253821,999,NA,NA,NA,7.53286393254897,0.49175972103073,8.00911537120074,0.523031392109359,"all","richness",1033000,10502.9635,1.13707842639746,2.09926112863129,-0.689693271599241,-0.658478507095573,0.535794247501479
"99",2019,"Injiparai",47,61.4,4.63724055878062,23.1413597134113,2.20583398445563,10.0900900900901,0.74766965413565,999,NA,NA,NA,9.13547649667154,0.572303370063741,9.56511945654552,0.556303018885751,"all","richness",189800,2290.384,1.04497671260108,0.523068354062754,0.964852162984285,-1.07925651469438,-1.35078594732249
"100",2019,"Iyerpadi-Top",50,64.6590909090909,4.70575302903243,20.5741818298725,2.31960136242957,7.56106106106106,0.571777171232255,999,NA,NA,NA,6.95518813497022,0.419905217361694,7.45142592737724,0.439282079291022,"all","richness",1039100,9248.8825,1.11823860923973,-0.522233885364177,0.709215805080403,-0.83871375137023,0.930961330961451
"101",2019,"Karian-Shola",48,55.864406779661,3.41515960671354,23.1585014157067,2.30194061820867,6.08208208208208,0.543931053766718,999,NA,NA,NA,5.65962041724754,0.351839176143681,5.84948876618875,0.363886193126845,"all","richness",8542700,22397.7708,1.08146673914852,1.01860808335048,0.415036662992566,-0.558362564360393,-0.308930084587089
"102",2019,"Korangamudi",69,91.5490196078431,5.64896481995605,23.515869654247,2.50718370374181,7.83583583583584,0.457707405681302,999,NA,NA,NA,7.50020223007095,0.504746124809169,7.90460058005655,0.531669600697988,"all","richness",733200,4665.1673,1.04575990232253,1.34665369011205,2.24405123470459,0.15045558349858,-0.814964402869312
"103",2019,"Manamboly",59,75.66,4.91597396250224,23.6637739871068,2.33459418836578,6.97597597597598,0.449251686227866,999,NA,NA,NA,6.78956153006792,0.458516255208594,7.13692615542074,0.476668103438195,"all","richness",1749500,11653.4501,1.1098645789596,-1.70010046106751,0.376293318142868,-0.968429534139118,-0.198960495466496
"104",2019,"Murugaali-BlackBridge",42,52.45,4.61817063348681,23.3848937976613,2.19494526143119,8.97097097097097,1.2571073127421,999,NA,NA,NA,8.08335620900838,0.656766152060517,8.53254108702891,0.683391522296835,"all","richness",157900,2582.9107,1.08112459984329,1.02145950832878,2.77310358155314,-0.0275700976617355,0.597980509274661
"105",2019,"Murugaali-Sholayar",69,87.62,5.47791931302388,24.9602765372119,2.48865810740538,8.52302302302302,0.568433552737897,999,NA,NA,NA,7.95546404648102,0.53356336595175,8.52065006696837,0.579799164984175,"all","richness",1024300,13196.0889,1.17076046018843,1.60816124563992,0.4927339766387,-1.39901824432365,-0.0963411250820838
"106",2019,"OldValparai",61,75.6666666666667,4.70775561844102,24.7201572579344,2.43871771394963,8.63163163163163,0.828137708699211,999,NA,NA,NA,8.07017299230957,0.548139543322485,8.50926082926219,0.563537595047029,"all","richness",413100,4504.4459,1.0867348264868,-0.275528058003408,0.850420921216806,-0.963514791549974,0.0867965515561396
"107",2019,"Pannimade",57,71.7,4.04549131750397,22.2681602112309,2.34876634594122,9.72722722722723,0.644010028845768,999,NA,NA,NA,8.93579547221498,0.441290330977316,9.46116394060203,0.459888777762828,"all","richness",921300,7447.913,1.09649722230686,-1.35708844259299,0.698695894323255,-0.752334313968726,0.0115424097394699
"108",2019,"Puduthottam",52,66.7,4.91995934942556,22.5118687890862,2.32759379579532,6.58908908908909,0.59731452380783,999,NA,NA,NA,6.12433266290072,0.4374289776701,6.38297763315561,0.456940167264915,"all","richness",1130800,6052.1937,1.0506030618116,0.705491057110688,3.83926836833697,-0.962275590114632,-0.899521816191591
"109",2019,"Sankarankudi",NA,NA,NA,NA,NA,NA,NA,NA,NA,NA,NA,NA,NA,NA,NA,"all","richness",NA,NA,NA,NA,NA,NA,NA
"110",2019,"Selaliparai1",39,52.125,5.73843946556901,22.0721235214587,2.155491308794,9.05755755755756,1.41808404728732,999,NA,NA,NA,8.25193555627379,0.946176270017867,8.70980491721095,0.951410031433583,"all","richness",22200,936.4225,1.09029886105024,0.11431946734733,0.834287205902118,0.716427427668396,-0.783957816254728
"111",2019,"Selaliparai2",32,42.8,6.20644825967316,21.8549388584332,1.9472262091824,9.84334334334334,1.51932548622717,999,NA,NA,NA,8.05394640447272,1.8083477372958,8.626535164759,1.90589705460193,"all","richness",6700,359.7341,1.02137136200681,0.582995982258129,-0.613671226942531,-0.103247205755412,1.96337189143322
"112",2019,"Varagaliar",46,50.9038461538462,2.19306667024018,22.9261615357498,2.26209851250239,6.75325325325325,0.525813547467472,999,NA,NA,NA,6.45197857065719,0.400678302490315,6.79305223891325,0.421780193555285,"all","richness",14110900,43267.566,1.12849055214815,-0.74513425855289,1.03574390892059,-1.1817014849353,0.919398335810331
"113",2019,"Varatuparai123",39,54.3333333333333,5.30199124019562,21.2908117184735,2.17611184828603,5.64264264264264,0.809774594075316,999,NA,NA,NA,5.21075953773322,0.639980726592967,5.52460558166159,0.686033623899909,"all","richness",125200,2744.1716,1.11281735148559,-0.390849748934924,0.91556950700923,0.49398514246937,1.04287809503777
"114",2019,"Varatuparai4",37,51.9333333333333,5.54416610301114,23.0598953030807,2.14386401833148,6.46746746746747,0.686757573399767,999,NA,NA,NA,6.0631746031746,0.705929266943455,6.27236402144424,0.697929387473883,"all","richness",38500,1676.2152,1.14373230429723,-2.08718422887907,1.13681888922675,2.28795668344075,1.1538870369184
"115",2000,"Akkamalai_Iyerpadi",49,59.8533333333333,3.56117333972324,15.1356543225035,1.74797564089531,7.46546546546547,0.503055352753976,999,NA,NA,NA,7.54861592438063,0.331171279285262,7.7468750648077,0.331767232020066,"rf","richness",43099800,136575.6259,1.18758999323785,-2.55177881968427,-0.683140050137238,-0.372779200136689,0.90721003638257
"116",2000,"Andiparai",36,42.8333333333333,3.25198352169823,14.0098214731359,1.66857741432401,8.67767767767768,0.540644805601478,999,NA,NA,NA,8.43705432134004,0.470529620054966,8.61807019012626,0.490069156292894,"rf","richness",3270000,16621.0744,1.11092872124682,-1.02310872429136,-0.6011840410311,0.130422514975684,-0.471132723988322
"117",2000,"Candura",NA,NA,NA,NA,NA,NA,NA,NA,NA,NA,NA,NA,NA,NA,NA,"rf","richness",NA,NA,NA,NA,NA,NA,NA
"118",2000,"Injiparai",NA,NA,NA,NA,NA,NA,NA,NA,NA,NA,NA,NA,NA,NA,NA,"rf","richness",NA,NA,NA,NA,NA,NA,NA
"119",2000,"Iyerpadi-Top",NA,NA,NA,NA,NA,NA,NA,NA,NA,NA,NA,NA,NA,NA,NA,"rf","richness",NA,NA,NA,NA,NA,NA,NA
"120",2000,"Karian-Shola",46,62.575,4.89495914181109,15.1965008584016,1.75266024749304,7.76976976976977,0.545106714053735,999,NA,NA,NA,6.87458513708514,0.505712874540135,7.01126644310961,0.50826608662164,"rf","richness",8542700,22397.7708,1.08146673914852,-2.23598099853739,-0.0791471069192924,-0.510510896644943,-0.395327333574923
"121",2000,"Korangamudi",40,48.7,2.9,15.1143953196643,1.80379437713361,6.51451451451451,0.529244498334725,999,NA,NA,NA,6.45054834054834,0.480477062280292,6.56299958159979,0.472348891457666,"rf","richness",733200,4665.1673,1.04575990232253,4.27286390311901,-0.788614935469809,0.4908677508156,1.62674955568422
"122",2000,"Manamboly",48,55.8222222222222,2.76557318864072,16.0646159363235,1.75882523188287,8.85285285285285,0.71019583610481,999,NA,NA,NA,8.88053509308411,0.536707920585734,9.1731630231973,0.557275310949017,"rf","richness",1749500,11653.4501,1.1098645789596,-2.55910595749692,-0.840517518659218,1.0402948690943,0.220871355806957
"123",2000,"Murugaali-BlackBridge",NA,NA,NA,NA,NA,NA,NA,NA,NA,NA,NA,NA,NA,NA,NA,"rf","richness",NA,NA,NA,NA,NA,NA,NA
"124",2000,"Murugaali-Sholayar",NA,NA,NA,NA,NA,NA,NA,NA,NA,NA,NA,NA,NA,NA,NA,"rf","richness",NA,NA,NA,NA,NA,NA,NA
"125",2000,"OldValparai",41,45.8333333333333,2.57012753682683,15.2702854784263,1.79676858289074,8.27927927927928,0.55650739621785,999,NA,NA,NA,7.90362581862582,0.483442062588687,8.08315687073685,0.490705852594055,"rf","richness",413100,4504.4459,1.0867348264868,0.39783865761774,-0.657843216711077,0.313279928145499,-0.477833975350568
"126",2000,"Pannimade",40,42.9,1.67431578064991,14.9687874748502,1.78293970552341,10.2982982982983,0.617551493238182,999,NA,NA,NA,9.27408284841145,0.574750291236982,9.68212545385441,0.572863043607494,"rf","richness",921300,7447.913,1.09649722230686,0.409136584550924,0.123109506928644,-0.60878162044899,-0.605710357274338
"127",2000,"Puduthottam",42,51.6666666666667,3.63470921960906,14.7159894414963,1.77467289441607,7.86386386386386,0.627513371609389,999,NA,NA,NA,7.65981908929277,0.650332468492042,7.90611620059645,0.647977026637873,"rf","richness",1130800,6052.1937,1.0506030618116,1.40701856939258,-1.3173951929364,0.499946515468623,-0.721498168355601
"128",2000,"Sankarankudi",NA,NA,NA,NA,NA,NA,NA,NA,NA,NA,NA,NA,NA,NA,NA,"rf","richness",NA,NA,NA,NA,NA,NA,NA
"129",2000,"Selaliparai1",20,26,3.46410161513775,14.5709428373353,1.36727652886109,5.82682682682683,1.11153590368075,999,NA,NA,NA,5.76190476190476,1.65532062526389,5.88957749659434,1.64758341851576,"rf","richness",22200,936.4225,1.09029886105024,1.84603103419437,0.00776086488861427,1.66682866414356,1.64179506601672
"130",2000,"Selaliparai2",19,30.25,7.31009575860672,19,0,5.6991991991992,1.39848879193281,999,NA,NA,NA,5.75,2.5,5.75,2.5,"rf","richness",6700,359.7341,1.02137136200681,-0.867286214741173,-0.7748341793764,1.47861419893078,0.579738897003669
"131",2000,"Varagaliar",47,59.5666666666667,3.75248066099095,16.0114505522613,1.73550031088635,8.89489489489489,1.11824187622869,999,NA,NA,NA,8.83541974128931,0.760986425242061,8.97711564075333,0.784849305770922,"rf","richness",14110900,43267.566,1.12849055214815,0.392309701862843,-3.16361994882716,-3.11920444254995,0.561479527715379
"132",2000,"Varatuparai123",37,52.2,5.44426303552648,14.898174554758,1.81423598868084,5.11861861861862,0.86758232570601,999,NA,NA,NA,5.19611111111111,0.79553207893674,5.2760402643188,0.792115189127544,"rf","richness",125200,2744.1716,1.11281735148559,0.623463151614687,-1.23086956469807,-0.876820639172198,-0.481197792738581
"133",2000,"Varatuparai4",13,17.1666666666667,2.26691175145591,11.6685627271834,0.906124172009324,3.97547547547548,1.08443586783731,999,NA,NA,NA,4.27272727272727,1.37465484712202,4.38360085592277,1.41110766350783,"rf","richness",38500,1676.2152,1.14373230429723,1.8047542400775,-0.807673556498543,-0.0810132215889249,1.00029814970099
"134",2002,"Akkamalai_Iyerpadi",40,52.5666666666667,4.23648176884756,14.8526567421861,1.72860840301543,8.72322322322322,0.801252289659499,999,NA,NA,NA,8.57924242424242,0.6299764000193,8.6826613410474,0.632724907531149,"rf","richness",43099800,136575.6259,1.18758999323785,-2.55177881968427,-0.683140050137238,-0.372779200136689,0.90721003638257
"135",2002,"Andiparai",35,41.7666666666667,2.55755960069577,14.87726126989,1.6961181669352,7.84534534534535,0.485620747989222,999,NA,NA,NA,7.80646464646465,0.467457943776985,7.87652485337791,0.465451829091375,"rf","richness",3270000,16621.0744,1.11092872124682,-1.02310872429136,-0.6011840410311,0.130422514975684,-0.471132723988322
"136",2002,"Candura",NA,NA,NA,NA,NA,NA,NA,NA,NA,NA,NA,NA,NA,NA,NA,"rf","richness",NA,NA,NA,NA,NA,NA,NA
"137",2002,"Injiparai",37,46.6666666666667,3.35824027993498,13.8873103180579,1.81573414526677,5.7952952952953,0.621417901499866,999,NA,NA,NA,5.68610981610982,0.490889121853216,5.86586582718872,0.520213886046133,"rf","richness",189800,2290.384,1.04497671260108,1.69456066369744,-0.994156883596452,0.156123572224492,-0.955398174307941
"138",2002,"Iyerpadi-Top",NA,NA,NA,NA,NA,NA,NA,NA,NA,NA,NA,NA,NA,NA,NA,"rf","richness",NA,NA,NA,NA,NA,NA,NA
"139",2002,"Karian-Shola",NA,NA,NA,NA,NA,NA,NA,NA,NA,NA,NA,NA,NA,NA,NA,"rf","richness",NA,NA,NA,NA,NA,NA,NA
"140",2002,"Korangamudi",38,44.7666666666667,2.91108990662337,15.3097278242165,1.751099554655,6.25125125125125,0.673307226441461,999,NA,NA,NA,6.24180856180856,0.594158404138211,6.30693517066521,0.594623480009742,"rf","richness",733200,4665.1673,1.04575990232253,4.27286390311901,-0.788614935469809,0.4908677508156,1.62674955568422
"141",2002,"Manamboly",48,60.5,5.59016994374947,15.8541299983184,1.800927891491,8.42692692692693,0.820983369534225,999,NA,NA,NA,8.31748995890458,0.851915715466207,8.49888327669239,0.86650289470552,"rf","richness",1749500,11653.4501,1.1098645789596,-2.55910595749692,-0.840517518659218,1.0402948690943,0.220871355806957
"142",2002,"Murugaali-BlackBridge",NA,NA,NA,NA,NA,NA,NA,NA,NA,NA,NA,NA,NA,NA,NA,"rf","richness",NA,NA,NA,NA,NA,NA,NA
"143",2002,"Murugaali-Sholayar",NA,NA,NA,NA,NA,NA,NA,NA,NA,NA,NA,NA,NA,NA,NA,"rf","richness",NA,NA,NA,NA,NA,NA,NA
"144",2002,"OldValparai",38,47.6666666666667,3.35824027993498,14.4039006033292,1.76723249874394,7.76726726726727,0.683427967831335,999,NA,NA,NA,7.10291782291782,0.59783670066573,7.24403338346001,0.603816991182028,"rf","richness",413100,4504.4459,1.0867348264868,0.39783865761774,-0.657843216711077,0.313279928145499,-0.477833975350568
"145",2002,"Pannimade",NA,NA,NA,NA,NA,NA,NA,NA,NA,NA,NA,NA,NA,NA,NA,"rf","richness",NA,NA,NA,NA,NA,NA,NA
"146",2002,"Puduthottam",40,55.4666666666667,5.33708201590012,13.902315681677,1.79870595719946,6.87137137137137,0.311311823295982,999,NA,NA,NA,6.67613315878022,0.428951675921674,6.84550401650168,0.428796413610475,"rf","richness",1130800,6052.1937,1.0506030618116,1.40701856939258,-1.3173951929364,0.499946515468623,-0.721498168355601
"147",2002,"Sankarankudi",41,53.48,4.21198290594822,15.3163047982637,1.7252235556066,8.88988988988989,0.417416291738962,999,NA,NA,NA,8.43667181116098,0.617551667410725,8.59362618984219,0.626825670015271,"rf","richness",2524900,11857.56,1.08459947502157,0.786284673774534,-1.80785734329928,0.758155373694823,-1.37815099732593
"148",2002,"Selaliparai1",NA,NA,NA,NA,NA,NA,NA,NA,NA,NA,NA,NA,NA,NA,NA,"rf","richness",NA,NA,NA,NA,NA,NA,NA
"149",2002,"Selaliparai2",NA,NA,NA,NA,NA,NA,NA,NA,NA,NA,NA,NA,NA,NA,NA,"rf","richness",NA,NA,NA,NA,NA,NA,NA
"150",2002,"Varagaliar",NA,NA,NA,NA,NA,NA,NA,NA,NA,NA,NA,NA,NA,NA,NA,"rf","richness",NA,NA,NA,NA,NA,NA,NA
"151",2002,"Varatuparai123",NA,NA,NA,NA,NA,NA,NA,NA,NA,NA,NA,NA,NA,NA,NA,"rf","richness",NA,NA,NA,NA,NA,NA,NA
"152",2002,"Varatuparai4",NA,NA,NA,NA,NA,NA,NA,NA,NA,NA,NA,NA,NA,NA,NA,"rf","richness",NA,NA,NA,NA,NA,NA,NA
"153",2003,"Akkamalai_Iyerpadi",35,41.7666666666667,2.55755960069577,14.9913460718864,1.69172584039594,8.23873873873874,0.826848333822534,999,NA,NA,NA,8.19440877205583,0.587827378302134,8.35831638589936,0.59017973695202,"rf","richness",43099800,136575.6259,1.18758999323785,-2.55177881968427,-0.683140050137238,-0.372779200136689,0.90721003638257
"154",2003,"Andiparai",NA,NA,NA,NA,NA,NA,NA,NA,NA,NA,NA,NA,NA,NA,NA,"rf","richness",NA,NA,NA,NA,NA,NA,NA
"155",2003,"Candura",NA,NA,NA,NA,NA,NA,NA,NA,NA,NA,NA,NA,NA,NA,NA,"rf","richness",NA,NA,NA,NA,NA,NA,NA
"156",2003,"Injiparai",37,48.6,3.88329756778952,13.5886626694275,1.78635626534277,6.11411411411411,0.745051134740258,999,NA,NA,NA,6.02632626632627,0.488403669124893,6.207091602035,0.494486699374024,"rf","richness",189800,2290.384,1.04497671260108,1.69456066369744,-0.994156883596452,0.156123572224492,-0.955398174307941
"157",2003,"Iyerpadi-Top",NA,NA,NA,NA,NA,NA,NA,NA,NA,NA,NA,NA,NA,NA,NA,"rf","richness",NA,NA,NA,NA,NA,NA,NA
"158",2003,"Karian-Shola",NA,NA,NA,NA,NA,NA,NA,NA,NA,NA,NA,NA,NA,NA,NA,"rf","richness",NA,NA,NA,NA,NA,NA,NA
"159",2003,"Korangamudi",NA,NA,NA,NA,NA,NA,NA,NA,NA,NA,NA,NA,NA,NA,NA,"rf","richness",NA,NA,NA,NA,NA,NA,NA
"160",2003,"Manamboly",NA,NA,NA,NA,NA,NA,NA,NA,NA,NA,NA,NA,NA,NA,NA,"rf","richness",NA,NA,NA,NA,NA,NA,NA
"161",2003,"Murugaali-BlackBridge",NA,NA,NA,NA,NA,NA,NA,NA,NA,NA,NA,NA,NA,NA,NA,"rf","richness",NA,NA,NA,NA,NA,NA,NA
"162",2003,"Murugaali-Sholayar",NA,NA,NA,NA,NA,NA,NA,NA,NA,NA,NA,NA,NA,NA,NA,"rf","richness",NA,NA,NA,NA,NA,NA,NA
"163",2003,"OldValparai",NA,NA,NA,NA,NA,NA,NA,NA,NA,NA,NA,NA,NA,NA,NA,"rf","richness",NA,NA,NA,NA,NA,NA,NA
"164",2003,"Pannimade",NA,NA,NA,NA,NA,NA,NA,NA,NA,NA,NA,NA,NA,NA,NA,"rf","richness",NA,NA,NA,NA,NA,NA,NA
"165",2003,"Puduthottam",41,55.5,4.66368952654441,14.4010925506851,1.80538796662776,6.04554554554555,0.592773513708893,999,NA,NA,NA,6.21032523032523,0.49380252754309,6.38024649805402,0.499972977623003,"rf","richness",1130800,6052.1937,1.0506030618116,1.40701856939258,-1.3173951929364,0.499946515468623,-0.721498168355601
"166",2003,"Sankarankudi",NA,NA,NA,NA,NA,NA,NA,NA,NA,NA,NA,NA,NA,NA,NA,"rf","richness",NA,NA,NA,NA,NA,NA,NA
"167",2003,"Selaliparai1",NA,NA,NA,NA,NA,NA,NA,NA,NA,NA,NA,NA,NA,NA,NA,"rf","richness",NA,NA,NA,NA,NA,NA,NA
"168",2003,"Selaliparai2",NA,NA,NA,NA,NA,NA,NA,NA,NA,NA,NA,NA,NA,NA,NA,"rf","richness",NA,NA,NA,NA,NA,NA,NA
"169",2003,"Varagaliar",NA,NA,NA,NA,NA,NA,NA,NA,NA,NA,NA,NA,NA,NA,NA,"rf","richness",NA,NA,NA,NA,NA,NA,NA
"170",2003,"Varatuparai123",NA,NA,NA,NA,NA,NA,NA,NA,NA,NA,NA,NA,NA,NA,NA,"rf","richness",NA,NA,NA,NA,NA,NA,NA
"171",2003,"Varatuparai4",NA,NA,NA,NA,NA,NA,NA,NA,NA,NA,NA,NA,NA,NA,NA,"rf","richness",NA,NA,NA,NA,NA,NA,NA
"172",2004,"Akkamalai_Iyerpadi",51,59.9,2.96666666666667,14.8707208510529,1.7585673942873,8.57457457457457,0.477651018196929,999,NA,NA,NA,8.1397704957963,0.257570464785553,8.42892975350253,0.263036188384304,"rf","richness",43099800,136575.6259,1.18758999323785,-2.55177881968427,-0.683140050137238,-0.372779200136689,0.90721003638257
"173",2004,"Andiparai",NA,NA,NA,NA,NA,NA,NA,NA,NA,NA,NA,NA,NA,NA,NA,"rf","richness",NA,NA,NA,NA,NA,NA,NA
"174",2004,"Candura",NA,NA,NA,NA,NA,NA,NA,NA,NA,NA,NA,NA,NA,NA,NA,"rf","richness",NA,NA,NA,NA,NA,NA,NA
"175",2004,"Injiparai",40,49.6666666666667,3.63470921960906,13.7185494294912,1.87149977834162,6.34284284284284,0.490211117995849,999,NA,NA,NA,5.86332593332593,0.534601911102499,6.08858184268449,0.541669353993839,"rf","richness",189800,2290.384,1.04497671260108,1.69456066369744,-0.994156883596452,0.156123572224492,-0.955398174307941
"176",2004,"Iyerpadi-Top",NA,NA,NA,NA,NA,NA,NA,NA,NA,NA,NA,NA,NA,NA,NA,"rf","richness",NA,NA,NA,NA,NA,NA,NA
"177",2004,"Karian-Shola",NA,NA,NA,NA,NA,NA,NA,NA,NA,NA,NA,NA,NA,NA,NA,"rf","richness",NA,NA,NA,NA,NA,NA,NA
"178",2004,"Korangamudi",44,51.8181818181818,2.76414469009287,15.4685185540182,1.79883971440354,5.30580580580581,0.589084346304031,999,NA,NA,NA,5.66966089466089,0.471542227775475,5.75879020914385,0.473584664888499,"rf","richness",733200,4665.1673,1.04575990232253,4.27286390311901,-0.788614935469809,0.4908677508156,1.62674955568422
"179",2004,"Manamboly",50,57.8222222222222,2.76557318864072,15.7911487571295,1.79441323479527,7.70570570570571,0.481602907173403,999,NA,NA,NA,7.37270490584216,0.446510094965401,7.58824508985744,0.444702135392308,"rf","richness",1749500,11653.4501,1.1098645789596,-2.55910595749692,-0.840517518659218,1.0402948690943,0.220871355806957
"180",2004,"Murugaali-BlackBridge",NA,NA,NA,NA,NA,NA,NA,NA,NA,NA,NA,NA,NA,NA,NA,"rf","richness",NA,NA,NA,NA,NA,NA,NA
"181",2004,"Murugaali-Sholayar",NA,NA,NA,NA,NA,NA,NA,NA,NA,NA,NA,NA,NA,NA,NA,"rf","richness",NA,NA,NA,NA,NA,NA,NA
"182",2004,"OldValparai",54,72.3666666666667,5.92911835304748,15.7091533920348,1.84609578480452,8.30730730730731,0.560611476078468,999,NA,NA,NA,8.23090243090243,0.62251619516326,8.41015784522966,0.617188686174314,"rf","richness",413100,4504.4459,1.0867348264868,0.39783865761774,-0.657843216711077,0.313279928145499,-0.477833975350568
"183",2004,"Pannimade",NA,NA,NA,NA,NA,NA,NA,NA,NA,NA,NA,NA,NA,NA,NA,"rf","richness",NA,NA,NA,NA,NA,NA,NA
"184",2004,"Puduthottam",46,52.8444444444444,2.58695683748538,14.62178787969,1.86401442374418,6.62062062062062,0.576089379490317,999,NA,NA,NA,6.50780073956544,0.508356861612977,6.70939513951813,0.512849991225971,"rf","richness",1130800,6052.1937,1.0506030618116,1.40701856939258,-1.3173951929364,0.499946515468623,-0.721498168355601
"185",2004,"Sankarankudi",NA,NA,NA,NA,NA,NA,NA,NA,NA,NA,NA,NA,NA,NA,NA,"rf","richness",NA,NA,NA,NA,NA,NA,NA
"186",2004,"Selaliparai1",NA,NA,NA,NA,NA,NA,NA,NA,NA,NA,NA,NA,NA,NA,NA,"rf","richness",NA,NA,NA,NA,NA,NA,NA
"187",2004,"Selaliparai2",NA,NA,NA,NA,NA,NA,NA,NA,NA,NA,NA,NA,NA,NA,NA,"rf","richness",NA,NA,NA,NA,NA,NA,NA
"188",2004,"Varagaliar",NA,NA,NA,NA,NA,NA,NA,NA,NA,NA,NA,NA,NA,NA,NA,"rf","richness",NA,NA,NA,NA,NA,NA,NA
"189",2004,"Varatuparai123",NA,NA,NA,NA,NA,NA,NA,NA,NA,NA,NA,NA,NA,NA,NA,"rf","richness",NA,NA,NA,NA,NA,NA,NA
"190",2004,"Varatuparai4",NA,NA,NA,NA,NA,NA,NA,NA,NA,NA,NA,NA,NA,NA,NA,"rf","richness",NA,NA,NA,NA,NA,NA,NA
"191",2005,"Akkamalai_Iyerpadi",50,56.9345794392523,2.62102466329763,13.8261811843686,1.78151796650919,9.00700700700701,0.466246418105,999,NA,NA,NA,8.15172044568706,0.337942369925432,8.78784458936607,0.362762436757421,"rf","richness",43099800,136575.6259,1.18758999323785,-2.68257402057486,-0.853469374396202,0.283211893302651,0.218556279826341
"192",2005,"Andiparai",46,57.7857142857143,3.40224265772458,13.8329821664988,1.76504898944322,8.30680680680681,0.760836024795729,999,NA,NA,NA,7.83103669714882,0.564644959825326,8.36164128557744,0.607831602313345,"rf","richness",3270000,16621.0744,1.11092872124682,-1.03360959086072,-0.619109160665784,0.116112499392861,-0.395812345768714
"193",2005,"Candura",NA,NA,NA,NA,NA,NA,NA,NA,NA,NA,NA,NA,NA,NA,NA,"rf","richness",NA,NA,NA,NA,NA,NA,NA
"194",2005,"Injiparai",38,44.7666666666667,2.91108990662337,12.4403025890215,1.90251537127445,7.30780780780781,0.592284307153329,999,NA,NA,NA,6.1133044990711,0.517505539460964,6.68559230812979,0.554726841489025,"rf","richness",189800,2290.384,1.04497671260108,1.60152574811717,0.121847005706139,1.14297758019706,-0.906657351104359
"195",2005,"Iyerpadi-Top",NA,NA,NA,NA,NA,NA,NA,NA,NA,NA,NA,NA,NA,NA,NA,"rf","richness",NA,NA,NA,NA,NA,NA,NA
"196",2005,"Karian-Shola",NA,NA,NA,NA,NA,NA,NA,NA,NA,NA,NA,NA,NA,NA,NA,"rf","richness",NA,NA,NA,NA,NA,NA,NA
"197",2005,"Korangamudi",52,56.8958333333333,2.18948322796854,14.5638548389369,1.91412454136514,7.92092092092092,0.979628550495873,999,NA,NA,NA,7.55502262168565,0.615068974901577,8.09314660291959,0.631964301874456,"rf","richness",733200,4665.1673,1.04575990232253,1.75454072876755,-0.0637009523024074,1.1887820010461,-0.877974429890985
"198",2005,"Manamboly",56,64.804347826087,3.25107223842118,15.839928648715,1.78040819011372,9.7952952952953,1.08546965717203,999,NA,NA,NA,9.21408159666538,0.741015521944418,9.83026170195536,0.79995391628926,"rf","richness",1749500,11653.4501,1.1098645789596,-1.45808223945221,-0.966243943931065,0.641569466530744,0.107665916247909
"199",2005,"Murugaali-BlackBridge",NA,NA,NA,NA,NA,NA,NA,NA,NA,NA,NA,NA,NA,NA,NA,"rf","richness",NA,NA,NA,NA,NA,NA,NA
"200",2005,"Murugaali-Sholayar",NA,NA,NA,NA,NA,NA,NA,NA,NA,NA,NA,NA,NA,NA,NA,"rf","richness",NA,NA,NA,NA,NA,NA,NA
"201",2005,"OldValparai",49,60.6756756756757,3.37047724716106,14.0591114069095,1.90756823245001,7.92692692692693,0.810542796473756,999,NA,NA,NA,7.91901923385299,0.669639077183353,8.48027672821412,0.718686527672256,"rf","richness",413100,4504.4459,1.0867348264868,-0.548614341383759,-0.519067850127907,0.807812127640379,-0.627964075276018
"202",2005,"Pannimade",48,57.7916666666667,3.09639687558154,14.671519649388,1.82458573144827,9.38538538538539,1.01300492821892,999,NA,NA,NA,8.27923256077216,0.618521150879366,8.82800231133744,0.66365149480439,"rf","richness",921300,7447.913,1.09649722230686,-1.51618975498794,-0.891042545304972,0.485483813862815,-2.20406500675876
"203",2005,"Puduthottam",53,61.8333333333333,3.26078457573982,14.2083528620009,1.87592991891113,9.17967967967968,0.494962091924606,999,NA,NA,NA,8.33417628459463,0.460895418658218,9.00143872697955,0.49002951746323,"rf","richness",1130800,6052.1937,1.0506030618116,0.478094759693174,0.470608236744491,1.25577371742388,-0.47056404301112
"204",2005,"Sankarankudi",NA,NA,NA,NA,NA,NA,NA,NA,NA,NA,NA,NA,NA,NA,NA,"rf","richness",NA,NA,NA,NA,NA,NA,NA
"205",2005,"Selaliparai1",NA,NA,NA,NA,NA,NA,NA,NA,NA,NA,NA,NA,NA,NA,NA,"rf","richness",NA,NA,NA,NA,NA,NA,NA
"206",2005,"Selaliparai2",NA,NA,NA,NA,NA,NA,NA,NA,NA,NA,NA,NA,NA,NA,NA,"rf","richness",NA,NA,NA,NA,NA,NA,NA
"207",2005,"Varagaliar",NA,NA,NA,NA,NA,NA,NA,NA,NA,NA,NA,NA,NA,NA,NA,"rf","richness",NA,NA,NA,NA,NA,NA,NA
"208",2005,"Varatuparai123",45,56.6,7.1981479099372,14.6228170064448,1.81438815431468,8.24474474474474,0.665805153866911,999,NA,NA,NA,7.10496991953094,0.764345400523343,7.66175460387374,0.813812129652792,"rf","richness",125200,2744.1716,1.11281735148559,0.476593003687,-0.424958763835936,-0.0344848505067977,0.15467459483705
"209",2005,"Varatuparai4",NA,NA,NA,NA,NA,NA,NA,NA,NA,NA,NA,NA,NA,NA,NA,"rf","richness",NA,NA,NA,NA,NA,NA,NA
"210",2019,"Akkamalai_Iyerpadi",51,58.9207920792079,3.13409738442464,13.6449753665683,1.81063540596916,7.09209209209209,0.447132399063311,999,NA,NA,NA,6.51835352060099,0.275597282844044,6.91934475642488,0.286145146492572,"rf","richness",43099800,136575.6259,1.18758999323785,-1.7487398450724,0.375272024176195,-0.818357125718273,0.0818770370734566
"211",2019,"Andiparai",41,50.811320754717,3.10261204393879,13.220894954177,1.72537760693295,7.67567567567568,0.499417415022518,999,NA,NA,NA,6.52629868018379,0.345955266413281,6.925020244466,0.369340159025013,"rf","richness",3270000,16621.0744,1.11092872124682,-1.66184434652997,1.00312155178973,-0.190226727231058,1.07922163797179
"212",2019,"Candura",50,58.8448275862069,2.94827586206897,14.2796817707709,1.84751755398374,7.23923923923924,0.67582193838809,999,NA,NA,NA,6.32745953948336,0.465991128433327,6.69115639244038,0.488028791848784,"rf","richness",1033000,10502.9635,1.13707842639746,2.09926112863129,-0.689693271599241,-0.658478507095573,0.535794247501479
"213",2019,"Injiparai",35,45.56,3.73866286257534,13.7790960793921,1.73888828069452,7.31531531531532,0.710411884590348,999,NA,NA,NA,6.84483988938478,0.490338603309831,7.09133625398379,0.486608792033431,"rf","richness",189800,2290.384,1.04497671260108,0.523068354062754,0.964852162984285,-1.07925651469438,-1.35078594732249
"214",2019,"Iyerpadi-Top",41,50.7727272727273,3.39192648641686,13.8167061270749,1.83209363520389,5.28878878878879,0.476853450087293,999,NA,NA,NA,5.50207116116207,0.402912896945657,5.68853839108792,0.404398768410799,"rf","richness",1039100,9248.8825,1.11823860923973,-0.522233885364177,0.709215805080403,-0.83871375137023,0.930961330961451
"215",2019,"Karian-Shola",39,43.9152542372881,2.19816852025403,14.368091211899,1.82553365041466,5.44444444444444,0.507130189127126,999,NA,NA,NA,5.12576210280489,0.3169472313831,5.28332236868113,0.329408945194349,"rf","richness",8542700,22397.7708,1.08146673914852,1.01860808335048,0.415036662992566,-0.558362564360393,-0.308930084587089
"216",2019,"Korangamudi",52,70.6274509803922,4.70996554880954,14.8689088510596,1.84420603660843,5.05405405405405,0.342513813598946,999,NA,NA,NA,5.34393220884,0.45499473870472,5.52007410574435,0.464201309922016,"rf","richness",733200,4665.1673,1.04575990232253,1.34665369011205,2.24405123470459,0.15045558349858,-0.814964402869312
"217",2019,"Manamboly",49,62.72,4.39608917107012,14.3592873336842,1.81391061392954,6.61311311311311,0.483928291589798,999,NA,NA,NA,6.00292708896424,0.35560948491675,6.29734881085547,0.364480603662608,"rf","richness",1749500,11653.4501,1.1098645789596,-1.70010046106751,0.376293318142868,-0.968429534139118,-0.198960495466496
"218",2019,"Murugaali-BlackBridge",33,40.6,3.59444015112229,14.6192741241859,1.74093458990221,6.64264264264264,0.91684493382949,999,NA,NA,NA,6.38763181263181,0.630938385194864,6.60181196527404,0.626871956204619,"rf","richness",157900,2582.9107,1.08112459984329,1.02145950832878,2.77310358155314,-0.0275700976617355,0.597980509274661
"219",2019,"Murugaali-Sholayar",56,69.72,4.39608917107012,15.2758706236197,1.85262010291911,6.82232232232232,0.41840451346273,999,NA,NA,NA,6.51062252247237,0.487876520441257,6.85354889728021,0.515136582358377,"rf","richness",1024300,13196.0889,1.17076046018843,1.60816124563992,0.4927339766387,-1.39901824432365,-0.0963411250820838
"220",2019,"OldValparai",46,52.8444444444444,2.58695683748538,15.1873192827566,1.83990924997607,6.42942942942943,1.04448872093052,999,NA,NA,NA,6.14311131160116,0.528632044036356,6.44714615830614,0.548203292634485,"rf","richness",413100,4504.4459,1.0867348264868,-0.275528058003408,0.850420921216806,-0.963514791549974,0.0867965515561396
"221",2019,"Pannimade",45,53.82,2.94,14.3610525763186,1.82349119127304,7.15015015015015,0.395968508339578,999,NA,NA,NA,7.14109028023809,0.428300827039362,7.42804590408816,0.446650626166561,"rf","richness",921300,7447.913,1.09649722230686,-1.35708844259299,0.698695894323255,-0.752334313968726,0.0115424097394699
"222",2019,"Puduthottam",43,53.78,3.80583762133909,14.1420630871136,1.83533198583922,5.00750750750751,0.366691449220672,999,NA,NA,NA,5.05051468531468,0.368835105998109,5.23374268190284,0.386156618452071,"rf","richness",1130800,6052.1937,1.0506030618116,0.705491057110688,3.83926836833697,-0.962275590114632,-0.899521816191591
"223",2019,"Sankarankudi",NA,NA,NA,NA,NA,NA,NA,NA,NA,NA,NA,NA,NA,NA,NA,"rf","richness",NA,NA,NA,NA,NA,NA,NA
"224",2019,"Selaliparai1",27,37.3125,4.77419823111693,13.0028034827608,1.67877764554925,5.96646646646647,0.978796563158417,999,NA,NA,NA,6.01715645465645,0.753297858226935,6.17435469971112,0.745285365214408,"rf","richness",22200,936.4225,1.09029886105024,0.11431946734733,0.834287205902118,0.716427427668396,-0.783957816254728
"225",2019,"Selaliparai2",23,30.2,4.15692193816531,13.7750825956148,1.58006991978619,6.15415415415415,1.38241904830282,999,NA,NA,NA,6.05666666666667,1.57580534894367,6.13178016026805,1.56412804819855,"rf","richness",6700,359.7341,1.02137136200681,0.582995982258129,-0.613671226942531,-0.103247205755412,1.96337189143322
"226",2019,"Varagaliar",41,44.9230769230769,1.96153846153846,14.8108011660288,1.78607983318159,6.52352352352352,0.635219808891705,999,NA,NA,NA,6.09746746168811,0.379232115513755,6.41244109826359,0.398443384338497,"rf","richness",14110900,43267.566,1.12849055214815,-0.74513425855289,1.03574390892059,-1.1817014849353,0.919398335810331
"227",2019,"Varatuparai123",28,37.5833333333333,3.60795802513154,13.9040139749361,1.68616892601488,3.78128128128128,0.755713017149061,999,NA,NA,NA,3.7531746031746,0.54359933798453,3.83740432148831,0.559808719949387,"rf","richness",125200,2744.1716,1.11281735148559,-0.390849748934924,0.91556950700923,0.49398514246937,1.04287809503777
"228",2019,"Varatuparai4",29,42.0666666666667,4.83689523925788,14.5917659942813,1.7310978976939,4.61861861861862,0.557058634560466,999,NA,NA,NA,4.32296296296296,0.516119404367299,4.39959500839282,0.536331618032804,"rf","richness",38500,1676.2152,1.14373230429723,-2.08718422887907,1.13681888922675,2.28795668344075,1.1538870369184
"229",2000,"Akkamalai_Iyerpadi",3,3,0,2.18881118881119,0.547735949745898,1.00900900900901,0.09453461008502,999,NA,NA,NA,1.18181818181818,0.174616070397782,1.18181818181818,0.174616070397782,"oc","richness",43099800,136575.6259,1.18758999323785,-2.55177881968427,-0.683140050137238,-0.372779200136689,0.90721003638257
"230",2000,"Andiparai",4,6.4,1.3856406460551,2.7,0.458257569495584,1,0,999,NA,NA,NA,1,0,1,0,"oc","richness",3270000,16621.0744,1.11092872124682,-1.02310872429136,-0.6011840410311,0.130422514975684,-0.471132723988322
"231",2000,"Candura",NA,NA,NA,NA,NA,NA,NA,NA,NA,NA,NA,NA,NA,NA,NA,"oc","richness",NA,NA,NA,NA,NA,NA,NA
"232",2000,"Injiparai",NA,NA,NA,NA,NA,NA,NA,NA,NA,NA,NA,NA,NA,NA,NA,"oc","richness",NA,NA,NA,NA,NA,NA,NA
"233",2000,"Iyerpadi-Top",NA,NA,NA,NA,NA,NA,NA,NA,NA,NA,NA,NA,NA,NA,NA,"oc","richness",NA,NA,NA,NA,NA,NA,NA
"234",2000,"Karian-Shola",6,7.83333333333333,1.29636243217534,2.47472527472527,0.584524490992453,1.02952952952953,0.146361614925246,999,NA,NA,NA,1.25,0.183542356406175,1.25,0.183542356406175,"oc","richness",8542700,22397.7708,1.08146673914852,-2.23598099853739,-0.0791471069192924,-0.510510896644943,-0.395327333574923
"235",2000,"Korangamudi",20,25.8,2.36784008469041,2.55085407066048,0.574189370668782,3.07757757757758,0.239483700119619,999,NA,NA,NA,2.98113614627546,0.23948587045274,3.11336236897246,0.245102266630075,"oc","richness",733200,4665.1673,1.04575990232253,4.27286390311901,-0.788614935469809,0.4908677508156,1.62674955568422
"236",2000,"Manamboly",3,3,0,2.12087912087912,0.571005760736992,1,0,999,NA,NA,NA,1.07692307692308,0.106445841509385,1.07692307692308,0.106445841509385,"oc","richness",1749500,11653.4501,1.1098645789596,-2.55910595749692,-0.840517518659218,1.0402948690943,0.220871355806957
"237",2000,"Murugaali-BlackBridge",NA,NA,NA,NA,NA,NA,NA,NA,NA,NA,NA,NA,NA,NA,NA,"oc","richness",NA,NA,NA,NA,NA,NA,NA
"238",2000,"Murugaali-Sholayar",NA,NA,NA,NA,NA,NA,NA,NA,NA,NA,NA,NA,NA,NA,NA,"oc","richness",NA,NA,NA,NA,NA,NA,NA
"239",2000,"OldValparai",6,6.95238095238095,0.952380952380952,2.38935574229692,0.591441177264914,1.58958958958959,0.492154613978018,999,NA,NA,NA,1.54285714285714,0.161935940459086,1.55569736783462,0.163842614464885,"oc","richness",413100,4504.4459,1.0867348264868,0.39783865761774,-0.657843216711077,0.313279928145499,-0.477833975350568
"240",2000,"Pannimade",8,11.7142857142857,3.00339943451838,2.47819548872179,0.590569795696116,1.01051051051051,0.0845810116675667,999,NA,NA,NA,1.5,0.423188800988688,1.5,0.423188800988688,"oc","richness",921300,7447.913,1.09649722230686,0.409136584550924,0.123109506928644,-0.60878162044899,-0.605710357274338
"241",2000,"Puduthottam",11,13.8421052631579,1.64089023874946,2.67780938833571,0.498252745762792,1.63263263263263,0.552074041838157,999,NA,NA,NA,1.85964912280702,0.285168204155079,1.87667653944697,0.290039226062782,"oc","richness",1130800,6052.1937,1.0506030618116,1.40701856939258,-1.3173951929364,0.499946515468623,-0.721498168355601
"242",2000,"Sankarankudi",NA,NA,NA,NA,NA,NA,NA,NA,NA,NA,NA,NA,NA,NA,NA,"oc","richness",NA,NA,NA,NA,NA,NA,NA
"243",2000,"Selaliparai1",9,14.1428571428571,2.79941684889506,2.64558823529412,0.519596513010054,2.13713713713714,1.01699595562604,999,NA,NA,NA,2.42857142857143,0.983348563385625,2.42857142857143,0.983348563385625,"oc","richness",22200,936.4225,1.09029886105024,1.84603103419437,0.00776086488861427,1.66682866414356,1.64179506601672
"244",2000,"Selaliparai2",10,13.75,3.43693177121688,2.68266516092603,0.495979214674649,4.86186186186186,0.677018200808064,999,NA,NA,NA,4.14285714285714,0.762648446573665,4.45577714223335,1.00292964872447,"oc","richness",6700,359.7341,1.02137136200681,-0.867286214741173,-0.7748341793764,1.47861419893078,0.579738897003669
"245",2000,"Varagaliar",3,5,1.15470053837925,3,0,1,0,999,NA,NA,NA,1,0,1,0,"oc","richness",14110900,43267.566,1.12849055214815,0.392309701862843,-3.16361994882716,-3.11920444254995,0.561479527715379
"246",2000,"Varatuparai123",12,17.6470588235294,3.5838932262889,2.51750192094256,0.577965746549214,1.94794794794795,0.376266456365253,999,NA,NA,NA,2.08522134899844,0.437739135420973,2.18172065309162,0.493906886351794,"oc","richness",125200,2744.1716,1.11281735148559,0.623463151614687,-1.23086956469807,-0.876820639172198,-0.481197792738581
"247",2000,"Varatuparai4",7,9.5,1.44337567297406,2.46173913043478,0.576206878412336,3.23473473473473,1.12593968980352,999,NA,NA,NA,2.81190476190476,0.966066622372282,2.98283931342257,1.07224800069466,"oc","richness",38500,1676.2152,1.14373230429723,1.8047542400775,-0.807673556498543,-0.0810132215889249,1.00029814970099
"248",2002,"Akkamalai_Iyerpadi",1,1,0,1,0,1,0,999,NA,NA,NA,4,NA,4,NA,"oc","richness",43099800,136575.6259,1.18758999323785,-2.55177881968427,-0.683140050137238,-0.372779200136689,0.90721003638257
"249",2002,"Andiparai",2,2.85714285714286,0.857142857142857,1.42857142857143,0.494871659305394,1,0,999,NA,NA,NA,1,0,1,0,"oc","richness",3270000,16621.0744,1.11092872124682,-1.02310872429136,-0.6011840410311,0.130422514975684,-0.471132723988322
"250",2002,"Candura",NA,NA,NA,NA,NA,NA,NA,NA,NA,NA,NA,NA,NA,NA,NA,"oc","richness",NA,NA,NA,NA,NA,NA,NA
"251",2002,"Injiparai",17,21.8148148148148,2.1532506449998,2.59835101607259,0.551027097755706,2.72772772772773,0.445352241692239,999,NA,NA,NA,2.64585537918871,0.218674574078595,2.67230544597445,0.218059621766188,"oc","richness",189800,2290.384,1.04497671260108,1.69456066369744,-0.994156883596452,0.156123572224492,-0.955398174307941
"252",2002,"Iyerpadi-Top",NA,NA,NA,NA,NA,NA,NA,NA,NA,NA,NA,NA,NA,NA,NA,"oc","richness",NA,NA,NA,NA,NA,NA,NA
"253",2002,"Karian-Shola",NA,NA,NA,NA,NA,NA,NA,NA,NA,NA,NA,NA,NA,NA,NA,"oc","richness",NA,NA,NA,NA,NA,NA,NA
"254",2002,"Korangamudi",16,21.7931034482759,2.36502457923893,2.53563009161173,0.580645524180628,2.72272272272272,0.452331074541852,999,NA,NA,NA,2.6360153256705,0.296224012118296,2.69573949149074,0.305896913280531,"oc","richness",733200,4665.1673,1.04575990232253,4.27286390311901,-0.788614935469809,0.4908677508156,1.62674955568422
"255",2002,"Manamboly",5,7.75,1.58771324027147,2.01098901098901,0.687318495433481,1.00550550550551,0.0650244267322938,999,NA,NA,NA,1.16666666666667,0.157968108818841,1.16666666666667,0.157968108818841,"oc","richness",1749500,11653.4501,1.1098645789596,-2.55910595749692,-0.840517518659218,1.0402948690943,0.220871355806957
"256",2002,"Murugaali-BlackBridge",NA,NA,NA,NA,NA,NA,NA,NA,NA,NA,NA,NA,NA,NA,NA,"oc","richness",NA,NA,NA,NA,NA,NA,NA
"257",2002,"Murugaali-Sholayar",NA,NA,NA,NA,NA,NA,NA,NA,NA,NA,NA,NA,NA,NA,NA,"oc","richness",NA,NA,NA,NA,NA,NA,NA
"258",2002,"OldValparai",4,4.94117647058824,0.941176470588235,2.05477131564088,0.624950447446288,1.01501501501502,0.121673265518184,999,NA,NA,NA,1.29411764705882,0.188231716300339,1.29411764705882,0.188231716300339,"oc","richness",413100,4504.4459,1.0867348264868,0.39783865761774,-0.657843216711077,0.313279928145499,-0.477833975350568
"259",2002,"Pannimade",NA,NA,NA,NA,NA,NA,NA,NA,NA,NA,NA,NA,NA,NA,NA,"oc","richness",NA,NA,NA,NA,NA,NA,NA
"260",2002,"Puduthottam",7,10.7894736842105,1.89473684210526,2.25068418171867,0.635213114220562,1.22422422422422,0.417279304314739,999,NA,NA,NA,1.41052631578947,0.1478275257956,1.4152569249917,0.149115462102822,"oc","richness",1130800,6052.1937,1.0506030618116,1.40701856939258,-1.3173951929364,0.499946515468623,-0.721498168355601
"261",2002,"Sankarankudi",4,4.88888888888889,0.888888888888889,2.04395604395604,0.644709456873523,1.14614614614615,0.356253414936574,999,NA,NA,NA,1.40740740740741,0.320348960963078,1.42538079163847,0.340707278569747,"oc","richness",2524900,11857.56,1.08459947502157,0.786284673774534,-1.80785734329928,0.758155373694823,-1.37815099732593
"262",2002,"Selaliparai1",NA,NA,NA,NA,NA,NA,NA,NA,NA,NA,NA,NA,NA,NA,NA,"oc","richness",NA,NA,NA,NA,NA,NA,NA
"263",2002,"Selaliparai2",NA,NA,NA,NA,NA,NA,NA,NA,NA,NA,NA,NA,NA,NA,NA,"oc","richness",NA,NA,NA,NA,NA,NA,NA
"264",2002,"Varagaliar",NA,NA,NA,NA,NA,NA,NA,NA,NA,NA,NA,NA,NA,NA,NA,"oc","richness",NA,NA,NA,NA,NA,NA,NA
"265",2002,"Varatuparai123",NA,NA,NA,NA,NA,NA,NA,NA,NA,NA,NA,NA,NA,NA,NA,"oc","richness",NA,NA,NA,NA,NA,NA,NA
"266",2002,"Varatuparai4",NA,NA,NA,NA,NA,NA,NA,NA,NA,NA,NA,NA,NA,NA,NA,"oc","richness",NA,NA,NA,NA,NA,NA,NA
"267",2003,"Akkamalai_Iyerpadi",1,1,0,1,0,1,0,999,NA,NA,NA,3,NA,3,NA,"oc","richness",43099800,136575.6259,1.18758999323785,-2.55177881968427,-0.683140050137238,-0.372779200136689,0.90721003638257
"268",2003,"Andiparai",NA,NA,NA,NA,NA,NA,NA,NA,NA,NA,NA,NA,NA,NA,NA,"oc","richness",NA,NA,NA,NA,NA,NA,NA
"269",2003,"Candura",NA,NA,NA,NA,NA,NA,NA,NA,NA,NA,NA,NA,NA,NA,NA,"oc","richness",NA,NA,NA,NA,NA,NA,NA
"270",2003,"Injiparai",13,16.8518518518519,1.92592592592593,2.52301616685176,0.569219245793359,2.03203203203203,0.202625489890294,999,NA,NA,NA,2.06565178378044,0.201254863907705,2.11762555801395,0.211484439185751,"oc","richness",189800,2290.384,1.04497671260108,1.69456066369744,-0.994156883596452,0.156123572224492,-0.955398174307941
"271",2003,"Iyerpadi-Top",NA,NA,NA,NA,NA,NA,NA,NA,NA,NA,NA,NA,NA,NA,NA,"oc","richness",NA,NA,NA,NA,NA,NA,NA
"272",2003,"Karian-Shola",NA,NA,NA,NA,NA,NA,NA,NA,NA,NA,NA,NA,NA,NA,NA,"oc","richness",NA,NA,NA,NA,NA,NA,NA
"273",2003,"Korangamudi",NA,NA,NA,NA,NA,NA,NA,NA,NA,NA,NA,NA,NA,NA,NA,"oc","richness",NA,NA,NA,NA,NA,NA,NA
"274",2003,"Manamboly",NA,NA,NA,NA,NA,NA,NA,NA,NA,NA,NA,NA,NA,NA,NA,"oc","richness",NA,NA,NA,NA,NA,NA,NA
"275",2003,"Murugaali-BlackBridge",NA,NA,NA,NA,NA,NA,NA,NA,NA,NA,NA,NA,NA,NA,NA,"oc","richness",NA,NA,NA,NA,NA,NA,NA
"276",2003,"Murugaali-Sholayar",NA,NA,NA,NA,NA,NA,NA,NA,NA,NA,NA,NA,NA,NA,NA,"oc","richness",NA,NA,NA,NA,NA,NA,NA
"277",2003,"OldValparai",NA,NA,NA,NA,NA,NA,NA,NA,NA,NA,NA,NA,NA,NA,NA,"oc","richness",NA,NA,NA,NA,NA,NA,NA
"278",2003,"Pannimade",NA,NA,NA,NA,NA,NA,NA,NA,NA,NA,NA,NA,NA,NA,NA,"oc","richness",NA,NA,NA,NA,NA,NA,NA
"279",2003,"Puduthottam",8,12.6666666666667,2.0869967789998,2.50324675324676,0.566937412790839,1.02302302302302,0.150051662681282,999,NA,NA,NA,1.4,0.256454113660502,1.4,0.256454113660502,"oc","richness",1130800,6052.1937,1.0506030618116,1.40701856939258,-1.3173951929364,0.499946515468623,-0.721498168355601
"280",2003,"Sankarankudi",NA,NA,NA,NA,NA,NA,NA,NA,NA,NA,NA,NA,NA,NA,NA,"oc","richness",NA,NA,NA,NA,NA,NA,NA
"281",2003,"Selaliparai1",NA,NA,NA,NA,NA,NA,NA,NA,NA,NA,NA,NA,NA,NA,NA,"oc","richness",NA,NA,NA,NA,NA,NA,NA
"282",2003,"Selaliparai2",NA,NA,NA,NA,NA,NA,NA,NA,NA,NA,NA,NA,NA,NA,NA,"oc","richness",NA,NA,NA,NA,NA,NA,NA
"283",2003,"Varagaliar",NA,NA,NA,NA,NA,NA,NA,NA,NA,NA,NA,NA,NA,NA,NA,"oc","richness",NA,NA,NA,NA,NA,NA,NA
"284",2003,"Varatuparai123",NA,NA,NA,NA,NA,NA,NA,NA,NA,NA,NA,NA,NA,NA,NA,"oc","richness",NA,NA,NA,NA,NA,NA,NA
"285",2003,"Varatuparai4",NA,NA,NA,NA,NA,NA,NA,NA,NA,NA,NA,NA,NA,NA,NA,"oc","richness",NA,NA,NA,NA,NA,NA,NA
"286",2004,"Akkamalai_Iyerpadi",5,6.9,1.34350288425444,1.7616310892173,0.659522616555567,1.001001001001,0.0316385998584166,999,NA,NA,NA,1.15,0.105510715386883,1.15,0.105510715386883,"oc","richness",43099800,136575.6259,1.18758999323785,-2.55177881968427,-0.683140050137238,-0.372779200136689,0.90721003638257
"287",2004,"Andiparai",NA,NA,NA,NA,NA,NA,NA,NA,NA,NA,NA,NA,NA,NA,NA,"oc","richness",NA,NA,NA,NA,NA,NA,NA
"288",2004,"Candura",NA,NA,NA,NA,NA,NA,NA,NA,NA,NA,NA,NA,NA,NA,NA,"oc","richness",NA,NA,NA,NA,NA,NA,NA
"289",2004,"Injiparai",17,22.8,2.7459060435492,2.65074906367044,0.515607892520483,2.498998998999,0.468976413855222,999,NA,NA,NA,2.55333333333333,0.284970448540969,2.60845174836234,0.294806626980625,"oc","richness",189800,2290.384,1.04497671260108,1.69456066369744,-0.994156883596452,0.156123572224492,-0.955398174307941
"290",2004,"Iyerpadi-Top",NA,NA,NA,NA,NA,NA,NA,NA,NA,NA,NA,NA,NA,NA,NA,"oc","richness",NA,NA,NA,NA,NA,NA,NA
"291",2004,"Karian-Shola",NA,NA,NA,NA,NA,NA,NA,NA,NA,NA,NA,NA,NA,NA,NA,"oc","richness",NA,NA,NA,NA,NA,NA,NA
"292",2004,"Korangamudi",20,28.7857142857143,2.92857142857143,2.54324652801487,0.5703902599878,2.18168168168168,0.361297448742321,999,NA,NA,NA,2.16136685184304,0.181872337863966,2.23334765069254,0.186880720496035,"oc","richness",733200,4665.1673,1.04575990232253,4.27286390311901,-0.788614935469809,0.4908677508156,1.62674955568422
"293",2004,"Manamboly",5,6.8,1.27279220613579,2.48484848484849,0.557114433662132,1,0,999,NA,NA,NA,1,0,1,0,"oc","richness",1749500,11653.4501,1.1098645789596,-2.55910595749692,-0.840517518659218,1.0402948690943,0.220871355806957
"294",2004,"Murugaali-BlackBridge",NA,NA,NA,NA,NA,NA,NA,NA,NA,NA,NA,NA,NA,NA,NA,"oc","richness",NA,NA,NA,NA,NA,NA,NA
"295",2004,"Murugaali-Sholayar",NA,NA,NA,NA,NA,NA,NA,NA,NA,NA,NA,NA,NA,NA,NA,"oc","richness",NA,NA,NA,NA,NA,NA,NA
"296",2004,"OldValparai",6,6.95,0.95,2.18456837280367,0.628704927825806,1.32732732732733,0.428171256875555,999,NA,NA,NA,1.52,0.214224507740957,1.53348223622635,0.215965968971761,"oc","richness",413100,4504.4459,1.0867348264868,0.39783865761774,-0.657843216711077,0.313279928145499,-0.477833975350568
"297",2004,"Pannimade",NA,NA,NA,NA,NA,NA,NA,NA,NA,NA,NA,NA,NA,NA,NA,"oc","richness",NA,NA,NA,NA,NA,NA,NA
"298",2004,"Puduthottam",8,11.84,1.92,2.23136011275545,0.616398228328143,1.43643643643644,0.496191622224363,999,NA,NA,NA,1.55733333333333,0.161938488550666,1.57746469596708,0.168737908967253,"oc","richness",1130800,6052.1937,1.0506030618116,1.40701856939258,-1.3173951929364,0.499946515468623,-0.721498168355601
"299",2004,"Sankarankudi",NA,NA,NA,NA,NA,NA,NA,NA,NA,NA,NA,NA,NA,NA,NA,"oc","richness",NA,NA,NA,NA,NA,NA,NA
"300",2004,"Selaliparai1",NA,NA,NA,NA,NA,NA,NA,NA,NA,NA,NA,NA,NA,NA,NA,"oc","richness",NA,NA,NA,NA,NA,NA,NA
"301",2004,"Selaliparai2",NA,NA,NA,NA,NA,NA,NA,NA,NA,NA,NA,NA,NA,NA,NA,"oc","richness",NA,NA,NA,NA,NA,NA,NA
"302",2004,"Varagaliar",NA,NA,NA,NA,NA,NA,NA,NA,NA,NA,NA,NA,NA,NA,NA,"oc","richness",NA,NA,NA,NA,NA,NA,NA
"303",2004,"Varatuparai123",NA,NA,NA,NA,NA,NA,NA,NA,NA,NA,NA,NA,NA,NA,NA,"oc","richness",NA,NA,NA,NA,NA,NA,NA
"304",2004,"Varatuparai4",NA,NA,NA,NA,NA,NA,NA,NA,NA,NA,NA,NA,NA,NA,NA,"oc","richness",NA,NA,NA,NA,NA,NA,NA
"305",2005,"Akkamalai_Iyerpadi",4,4.97674418604651,0.976744186046512,1.37147012162876,0.537002478687256,1,0,999,NA,NA,NA,1.10697674418605,0.0540381335199097,1.11115728255081,0.0558934284851415,"oc","richness",43099800,136575.6259,1.18758999323785,-2.68257402057486,-0.853469374396202,0.283211893302651,0.218556279826341
"306",2005,"Andiparai",3,3,0,2.01391304347826,0.549131639642041,1,0,999,NA,NA,NA,1.14285714285714,0.100086812765791,1.14285714285714,0.100086812765791,"oc","richness",3270000,16621.0744,1.11092872124682,-1.03360959086072,-0.619109160665784,0.116112499392861,-0.395812345768714
"307",2005,"Candura",NA,NA,NA,NA,NA,NA,NA,NA,NA,NA,NA,NA,NA,NA,NA,"oc","richness",NA,NA,NA,NA,NA,NA,NA
"308",2005,"Injiparai",13,16.8518518518519,1.92592592592593,2.50775189283635,0.56944466214206,2.85285285285285,0.368294244688552,999,NA,NA,NA,2.54007099679614,0.308556409598805,2.64869130785254,0.325939146799066,"oc","richness",189800,2290.384,1.04497671260108,1.60152574811717,0.121847005706139,1.14297758019706,-0.906657351104359
"309",2005,"Iyerpadi-Top",NA,NA,NA,NA,NA,NA,NA,NA,NA,NA,NA,NA,NA,NA,NA,"oc","richness",NA,NA,NA,NA,NA,NA,NA
"310",2005,"Karian-Shola",NA,NA,NA,NA,NA,NA,NA,NA,NA,NA,NA,NA,NA,NA,NA,"oc","richness",NA,NA,NA,NA,NA,NA,NA
"311",2005,"Korangamudi",21,28.8048780487805,3.09285219202875,2.56041133453128,0.565633591585717,1.98598598598599,0.417315357996616,999,NA,NA,NA,2.24390635875259,0.262979386101431,2.33910904768416,0.282072023795684,"oc","richness",733200,4665.1673,1.04575990232253,1.75454072876755,-0.0637009523024074,1.1887820010461,-0.877974429890985
"312",2005,"Manamboly",8,8,0,2.55238095238095,0.551723746969946,1.2002002002002,0.365001935317514,999,NA,NA,NA,1.42121212121212,0.14764456145736,1.43559965797043,0.153494508246454,"oc","richness",1749500,11653.4501,1.1098645789596,-1.45808223945221,-0.966243943931065,0.641569466530744,0.107665916247909
"313",2005,"Murugaali-BlackBridge",NA,NA,NA,NA,NA,NA,NA,NA,NA,NA,NA,NA,NA,NA,NA,"oc","richness",NA,NA,NA,NA,NA,NA,NA
"314",2005,"Murugaali-Sholayar",NA,NA,NA,NA,NA,NA,NA,NA,NA,NA,NA,NA,NA,NA,NA,"oc","richness",NA,NA,NA,NA,NA,NA,NA
"315",2005,"OldValparai",9,12.8518518518519,1.92592592592593,2.30084033613446,0.619500449104169,1.42542542542543,0.494654992208537,999,NA,NA,NA,1.59012345679012,0.16479676112754,1.60876360737693,0.170215942885978,"oc","richness",413100,4504.4459,1.0867348264868,-0.548614341383759,-0.519067850127907,0.807812127640379,-0.627964075276018
"316",2005,"Pannimade",7,10.8888888888889,1.94444444444444,1.9709618874773,0.577143900627854,1.001001001001,0.022360657347068,999,NA,NA,NA,1.27962962962963,0.106276402467059,1.29161310692425,0.110362716548964,"oc","richness",921300,7447.913,1.09649722230686,-1.51618975498794,-0.891042545304972,0.485483813862815,-2.20406500675876
"317",2005,"Puduthottam",9,13.8863636363636,2.59419647904719,2.08142973412913,0.608597042015438,1.03253253253253,0.160449933171698,999,NA,NA,NA,1.43958633958634,0.125537329088307,1.47380549922062,0.1333101988293,"oc","richness",1130800,6052.1937,1.0506030618116,0.478094759693174,0.470608236744491,1.25577371742388,-0.47056404301112
"318",2005,"Sankarankudi",NA,NA,NA,NA,NA,NA,NA,NA,NA,NA,NA,NA,NA,NA,NA,"oc","richness",NA,NA,NA,NA,NA,NA,NA
"319",2005,"Selaliparai1",NA,NA,NA,NA,NA,NA,NA,NA,NA,NA,NA,NA,NA,NA,NA,"oc","richness",NA,NA,NA,NA,NA,NA,NA
"320",2005,"Selaliparai2",NA,NA,NA,NA,NA,NA,NA,NA,NA,NA,NA,NA,NA,NA,NA,"oc","richness",NA,NA,NA,NA,NA,NA,NA
"321",2005,"Varagaliar",NA,NA,NA,NA,NA,NA,NA,NA,NA,NA,NA,NA,NA,NA,NA,"oc","richness",NA,NA,NA,NA,NA,NA,NA
"322",2005,"Varatuparai123",14,20.7407407407407,2.90120830038017,2.27217179244007,0.663150720185072,2.25625625625626,0.520519239756141,999,NA,NA,NA,2.18334196725636,0.297052195187876,2.34178225188994,0.323509447988248,"oc","richness",125200,2744.1716,1.11281735148559,0.476593003687,-0.424958763835936,-0.0344848505067977,0.15467459483705
"323",2005,"Varatuparai4",NA,NA,NA,NA,NA,NA,NA,NA,NA,NA,NA,NA,NA,NA,NA,"oc","richness",NA,NA,NA,NA,NA,NA,NA
"324",2019,"Akkamalai_Iyerpadi",4,6.88888888888889,1.66790077765892,1.26453877005348,0.475368406072136,1,0,999,NA,NA,NA,1.03703703703704,0.0458634649896106,1.03703703703704,0.0458634649896106,"oc","richness",43099800,136575.6259,1.18758999323785,-1.7487398450724,0.375272024176195,-0.818357125718273,0.0818770370734566
"325",2019,"Andiparai",5,6.86666666666667,1.31993265821489,1.97792207792208,0.67287392474628,1.02702702702703,0.162243385388974,999,NA,NA,NA,1.26666666666667,0.159324873505207,1.26666666666667,0.159324873505207,"oc","richness",3270000,16621.0744,1.11092872124682,-1.66184434652997,1.00312155178973,-0.190226727231058,1.07922163797179
"326",2019,"Candura",9,10.9354838709677,1.36859377003848,2.46960486322189,0.584249164820848,1.01201201201201,0.108993646998474,999,NA,NA,NA,1.33118279569892,0.110607097254511,1.34219968627196,0.115130692537452,"oc","richness",1033000,10502.9635,1.13707842639746,2.09926112863129,-0.689693271599241,-0.658478507095573,0.535794247501479
"327",2019,"Injiparai",10,13.8181818181818,2.35663298123922,2.4026295569026,0.611383448947376,1.67667667667668,0.42770601051356,999,NA,NA,NA,1.79493637675456,0.294011453093306,1.84784439538529,0.313593082587781,"oc","richness",189800,2290.384,1.04497671260108,0.523068354062754,0.964852162984285,-1.07925651469438,-1.35078594732249
"328",2019,"Iyerpadi-Top",7,11.8648648648649,2.17563370783763,1.608557007406,0.605068757478203,1.13913913913914,0.346265012059858,999,NA,NA,NA,1.31351351351351,0.078445860636404,1.35075675615761,0.0856665686310216,"oc","richness",1039100,9248.8825,1.11823860923973,-0.522233885364177,0.709215805080403,-0.83871375137023,0.930961330961451
"329",2019,"Karian-Shola",7,9.7,1.55884572681199,2.54411764705883,0.553964947112875,1.0955955955956,0.252483894247394,999,NA,NA,NA,1.32666666666667,0.266594563583819,1.36081902744308,0.293509738931146,"oc","richness",8542700,22397.7708,1.08146673914852,1.01860808335048,0.415036662992566,-0.558362564360393,-0.308930084587089
"330",2019,"Korangamudi",15,18.9148936170213,1.95744680851064,2.00257223698876,0.724244203586386,1.32332332332332,0.467979247101837,999,NA,NA,NA,1.6,0.131448443077011,1.63687913540161,0.138258198840993,"oc","richness",733200,4665.1673,1.04575990232253,1.34665369011205,2.24405123470459,0.15045558349858,-0.814964402869312
"331",2019,"Manamboly",8,10.7272727272727,2.07304622745298,2.33880341880342,0.650376830141495,1.24024024024024,0.56300647858813,999,NA,NA,NA,1.90909090909091,0.646984825415705,1.95320739765805,0.682993031124118,"oc","richness",1749500,11653.4501,1.1098645789596,-1.70010046106751,0.376293318142868,-0.968429534139118,-0.198960495466496
"332",2019,"Murugaali-BlackBridge",7,9.82352941176471,1.63016546594718,1.96238051187173,0.683132403342105,1.41741741741742,0.509368087569496,999,NA,NA,NA,1.62032085561497,0.257876843717834,1.71096047465101,0.295367505903657,"oc","richness",157900,2582.9107,1.08112459984329,1.02145950832878,2.77310358155314,-0.0275700976617355,0.597980509274661
"333",2019,"Murugaali-Sholayar",11,15.84375,2.16619085320292,2.08401913875598,0.70319666903453,1.50500500500501,0.464118289391908,999,NA,NA,NA,1.56369092508798,0.1441217470824,1.61669061500134,0.163473668975605,"oc","richness",1024300,13196.0889,1.17076046018843,1.60816124563992,0.4927339766387,-1.39901824432365,-0.0963411250820838
"334",2019,"OldValparai",13,20.7647058823529,3.37915449796355,2.03537748228502,0.70714348385535,1.496996996997,0.467898331572541,999,NA,NA,NA,1.59915966386555,0.147077327344597,1.6349666011908,0.156399251706281,"oc","richness",413100,4504.4459,1.0867348264868,-0.275528058003408,0.850420921216806,-0.963514791549974,0.0867965515561396
"335",2019,"Pannimade",10,15.8571428571429,2.3911685584312,1.56602870813397,0.64188058183422,1,0,999,NA,NA,NA,1.23333333333333,0.0841125850470655,1.24498318692598,0.0864409925251119,"oc","richness",921300,7447.913,1.09649722230686,-1.35708844259299,0.698695894323255,-0.752334313968726,0.0115424097394699
"336",2019,"Puduthottam",7,10.7777777777778,1.88888888888889,2.00391304347826,0.701230217920989,1,0,999,NA,NA,NA,1.16666666666667,0.118262407533153,1.16666666666667,0.118262407533153,"oc","richness",1130800,6052.1937,1.0506030618116,0.705491057110688,3.83926836833697,-0.962275590114632,-0.899521816191591
"337",2019,"Sankarankudi",NA,NA,NA,NA,NA,NA,NA,NA,NA,NA,NA,NA,NA,NA,NA,"oc","richness",NA,NA,NA,NA,NA,NA,NA
"338",2019,"Selaliparai1",10,12.7,2.05669638012031,2.47440794499618,0.606554891063244,2.66166166166166,0.613918099184781,999,NA,NA,NA,2.53714285714286,0.705727410973467,2.61644543653569,0.71434619711182,"oc","richness",22200,936.4225,1.09029886105024,0.11431946734733,0.834287205902118,0.716427427668396,-0.783957816254728
"339",2019,"Selaliparai2",7,10.5555555555556,2.22222222222222,2.1582905982906,0.670683145281439,2.00600600600601,0.228184355651943,999,NA,NA,NA,1.87941600882777,0.386214814200639,1.97831652714285,0.421618576225517,"oc","richness",6700,359.7341,1.02137136200681,0.582995982258129,-0.613671226942531,-0.103247205755412,1.96337189143322
"340",2019,"Varagaliar",4,4.85714285714286,0.857142857142857,2.48214285714286,0.53422411791613,1.01301301301301,0.113386700801585,999,NA,NA,NA,1.14285714285714,0.229660745501538,1.14285714285714,0.229660745501538,"oc","richness",14110900,43267.566,1.12849055214815,-0.74513425855289,1.03574390892059,-1.1817014849353,0.919398335810331
"341",2019,"Varatuparai123",9,14.6842105263158,2.69810644588975,1.7723172987974,0.691287524415152,1.00900900900901,0.09453461008502,999,NA,NA,NA,1.45101214574899,0.275768121869143,1.46074709856319,0.280362627542255,"oc","richness",125200,2744.1716,1.11281735148559,-0.390849748934924,0.91556950700923,0.49398514246937,1.04287809503777
"342",2019,"Varatuparai4",7,8.84615384615385,1.30542790372901,2.01822660098522,0.704078762864648,1.21321321321321,0.431227898664684,999,NA,NA,NA,1.67692307692308,0.394568186730212,1.68383704421864,0.395028063311586,"oc","richness",38500,1676.2152,1.14373230429723,-2.08718422887907,1.13681888922675,2.28795668344075,1.1538870369184
"343",2000,"Akkamalai_Iyerpadi",12,14.9565217391304,1.70694862195194,4.4864199483919,0.960293498703126,2.47347347347347,0.499545933148993,999,NA,NA,NA,2.39691741430872,0.124758357869182,2.42882040641046,0.126936949796736,"rr","richness",43099800,136575.6259,1.18758999323785,-2.55177881968427,-0.683140050137238,-0.372779200136689,0.90721003638257
"344",2000,"Andiparai",7,7.97368421052632,0.973684210526316,4.31757898037866,0.824650417505349,2.50900900900901,0.462435522146824,999,NA,NA,NA,2.46240601503759,0.233224719538536,2.4809098102767,0.234944247543978,"rr","richness",3270000,16621.0744,1.11092872124682,-1.02310872429136,-0.6011840410311,0.130422514975684,-0.471132723988322
"345",2000,"Candura",NA,NA,NA,NA,NA,NA,NA,NA,NA,NA,NA,NA,NA,NA,NA,"rr","richness",NA,NA,NA,NA,NA,NA,NA
"346",2000,"Injiparai",NA,NA,NA,NA,NA,NA,NA,NA,NA,NA,NA,NA,NA,NA,NA,"rr","richness",NA,NA,NA,NA,NA,NA,NA
"347",2000,"Iyerpadi-Top",NA,NA,NA,NA,NA,NA,NA,NA,NA,NA,NA,NA,NA,NA,NA,"rr","richness",NA,NA,NA,NA,NA,NA,NA
"348",2000,"Karian-Shola",13,15.9189189189189,1.68523862358053,5.38149806271359,1.02418429041287,2.78878878878879,0.408372342813742,999,NA,NA,NA,2.61827541827542,0.204261490245781,2.64608329206949,0.205739356933767,"rr","richness",8542700,22397.7708,1.08146673914852,-2.23598099853739,-0.0791471069192924,-0.510510896644943,-0.395327333574923
"349",2000,"Korangamudi",8,8.96153846153846,0.961538461538462,4.61949897633175,0.928071916532097,1.99499499499499,0.168914294993293,999,NA,NA,NA,1.94529914529915,0.181913457290334,1.97103495525283,0.187765049211803,"rr","richness",733200,4665.1673,1.04575990232253,4.27286390311901,-0.788614935469809,0.4908677508156,1.62674955568422
"350",2000,"Manamboly",11,11,0,4.76435563587279,0.989583729349247,3.00600600600601,0.257091727359161,999,NA,NA,NA,2.76951003541913,0.229118528700721,2.85674334094354,0.237488368943715,"rr","richness",1749500,11653.4501,1.1098645789596,-2.55910595749692,-0.840517518659218,1.0402948690943,0.220871355806957
"351",2000,"Murugaali-BlackBridge",NA,NA,NA,NA,NA,NA,NA,NA,NA,NA,NA,NA,NA,NA,NA,"rr","richness",NA,NA,NA,NA,NA,NA,NA
"352",2000,"Murugaali-Sholayar",NA,NA,NA,NA,NA,NA,NA,NA,NA,NA,NA,NA,NA,NA,NA,"rr","richness",NA,NA,NA,NA,NA,NA,NA
"353",2000,"OldValparai",11,12.9310344827586,1.36544757746368,4.50391738366535,1.0162181242367,2.92392392392392,0.344173108297509,999,NA,NA,NA,2.76683087027915,0.213201507610219,2.8113864255896,0.214269354808379,"rr","richness",413100,4504.4459,1.0867348264868,0.39783865761774,-0.657843216711077,0.313279928145499,-0.477833975350568
"354",2000,"Pannimade",7,7,0,3.70393424382709,0.894136853657857,2.43143143143143,0.495524107724059,999,NA,NA,NA,2.39629795491864,0.205507253002385,2.45074406882565,0.213932292152247,"rr","richness",921300,7447.913,1.09649722230686,0.409136584550924,0.123109506928644,-0.60878162044899,-0.605710357274338
"355",2000,"Puduthottam",10,11.9285714285714,1.36370593514548,4.58198778984964,0.979030996994616,2.62162162162162,0.449864122185614,999,NA,NA,NA,2.54750566893424,0.264559704615267,2.61009110924954,0.270088084354199,"rr","richness",1130800,6052.1937,1.0506030618116,1.40701856939258,-1.3173951929364,0.499946515468623,-0.721498168355601
"356",2000,"Sankarankudi",NA,NA,NA,NA,NA,NA,NA,NA,NA,NA,NA,NA,NA,NA,NA,"rr","richness",NA,NA,NA,NA,NA,NA,NA
"357",2000,"Selaliparai1",6,7.71428571428571,1.21218305346265,4.65128205128205,0.756066058940647,2.02302302302302,0.861367737513385,999,NA,NA,NA,2.08163265306122,0.675837529609235,2.11275591661086,0.706544141774965,"rr","richness",22200,936.4225,1.09029886105024,1.84603103419437,0.00776086488861427,1.66682866414356,1.64179506601672
"358",2000,"Selaliparai2",6,9,1.93649167310371,6,0,1.98598598598599,0.432061521221277,999,NA,NA,NA,2,0.816496580927726,2,0.816496580927726,"rr","richness",6700,359.7341,1.02137136200681,-0.867286214741173,-0.7748341793764,1.47861419893078,0.579738897003669
"359",2000,"Varagaliar",13,15.8965517241379,1.67232491765271,5.28611603766377,1.01929274312791,2.97597597597598,0.437957803330892,999,NA,NA,NA,2.93157187639946,0.273942271639906,2.96361225076192,0.27590291255336,"rr","richness",14110900,43267.566,1.12849055214815,0.392309701862843,-3.16361994882716,-3.11920444254995,0.561479527715379
"360",2000,"Varatuparai123",8,10.8421052631579,1.64089023874946,4.02991929170391,0.931081105304797,1.94794794794795,0.226707047672148,999,NA,NA,NA,1.88771929824561,0.283872714415959,1.9151554433745,0.285887378795454,"rr","richness",125200,2744.1716,1.11281735148559,0.623463151614687,-1.23086956469807,-0.876820639172198,-0.481197792738581
"361",2000,"Varatuparai4",3,3,0,2.97777777777778,0.147405546238018,1.76576576576577,0.560193558366087,999,NA,NA,NA,1.73333333333333,0.584635683023684,1.76568542494924,0.628197255197792,"rr","richness",38500,1676.2152,1.14373230429723,1.8047542400775,-0.807673556498543,-0.0810132215889249,1.00029814970099
"362",2002,"Akkamalai_Iyerpadi",8,8.96551724137931,0.96551724137931,4.43551022595242,0.920370659921475,2.9019019019019,0.297596225468692,999,NA,NA,NA,2.6360153256705,0.237294920868377,2.64483355214616,0.237565963211717,"rr","richness",43099800,136575.6259,1.18758999323785,-2.55177881968427,-0.683140050137238,-0.372779200136689,0.90721003638257
"363",2002,"Andiparai",8,10.8846153846154,1.66543346881623,4.3128908719281,0.865355817259025,1.85885885885886,0.309500695411204,999,NA,NA,NA,1.76923076923077,0.173300676377867,1.76923076923077,0.173300676377867,"rr","richness",3270000,16621.0744,1.11092872124682,-1.02310872429136,-0.6011840410311,0.130422514975684,-0.471132723988322
"364",2002,"Candura",NA,NA,NA,NA,NA,NA,NA,NA,NA,NA,NA,NA,NA,NA,NA,"rr","richness",NA,NA,NA,NA,NA,NA,NA
"365",2002,"Injiparai",9,13.8148148148148,2.1532506449998,3.42074332365979,0.91439485481159,1.93493493493493,0.270030746358129,999,NA,NA,NA,1.87689594356261,0.201450002361265,1.91833197708939,0.212353979322235,"rr","richness",189800,2290.384,1.04497671260108,1.69456066369744,-0.994156883596452,0.156123572224492,-0.955398174307941
"366",2002,"Iyerpadi-Top",NA,NA,NA,NA,NA,NA,NA,NA,NA,NA,NA,NA,NA,NA,NA,"rr","richness",NA,NA,NA,NA,NA,NA,NA
"367",2002,"Karian-Shola",NA,NA,NA,NA,NA,NA,NA,NA,NA,NA,NA,NA,NA,NA,NA,"rr","richness",NA,NA,NA,NA,NA,NA,NA
"368",2002,"Korangamudi",8,8.96,0.96,4.39104846586658,0.958730641017389,1.84784784784785,0.359348208765759,999,NA,NA,NA,1.77866666666667,0.199346153433892,1.78873234798354,0.201443792879655,"rr","richness",733200,4665.1673,1.04575990232253,4.27286390311901,-0.788614935469809,0.4908677508156,1.62674955568422
"369",2002,"Manamboly",13,16.8461538461538,1.92307692307692,4.65105770253432,1.05618103484199,2.99199199199199,0.447589777758881,999,NA,NA,NA,2.91381951381951,0.32654804828225,2.95486311786571,0.328224000513608,"rr","richness",1749500,11653.4501,1.1098645789596,-2.55910595749692,-0.840517518659218,1.0402948690943,0.220871355806957
"370",2002,"Murugaali-BlackBridge",NA,NA,NA,NA,NA,NA,NA,NA,NA,NA,NA,NA,NA,NA,NA,"rr","richness",NA,NA,NA,NA,NA,NA,NA
"371",2002,"Murugaali-Sholayar",NA,NA,NA,NA,NA,NA,NA,NA,NA,NA,NA,NA,NA,NA,NA,"rr","richness",NA,NA,NA,NA,NA,NA,NA
"372",2002,"OldValparai",9,11.9,1.67431578064991,4.07850762343484,0.916736581660568,2.23023023023023,0.386452763638838,999,NA,NA,NA,2.28444444444444,0.188344748881328,2.30721268496205,0.18819887204803,"rr","richness",413100,4504.4459,1.0867348264868,0.39783865761774,-0.657843216711077,0.313279928145499,-0.477833975350568
"373",2002,"Pannimade",NA,NA,NA,NA,NA,NA,NA,NA,NA,NA,NA,NA,NA,NA,NA,"rr","richness",NA,NA,NA,NA,NA,NA,NA
"374",2002,"Puduthottam",11,16.7931034482759,2.74305955880708,4.05377506327452,1.00057983436495,2.01101101101101,0.151409142179559,999,NA,NA,NA,2.08538587848933,0.200366479578551,2.11156679593256,0.208535387709683,"rr","richness",1130800,6052.1937,1.0506030618116,1.40701856939258,-1.3173951929364,0.499946515468623,-0.721498168355601
"375",2002,"Sankarankudi",10,13.84,1.92,4.32823083896195,0.981705227415161,2.16216216216216,0.368784128178155,999,NA,NA,NA,2.39885714285714,0.258663493212878,2.41735753366887,0.259803346605403,"rr","richness",2524900,11857.56,1.08459947502157,0.786284673774534,-1.80785734329928,0.758155373694823,-1.37815099732593
"376",2002,"Selaliparai1",NA,NA,NA,NA,NA,NA,NA,NA,NA,NA,NA,NA,NA,NA,NA,"rr","richness",NA,NA,NA,NA,NA,NA,NA
"377",2002,"Selaliparai2",NA,NA,NA,NA,NA,NA,NA,NA,NA,NA,NA,NA,NA,NA,NA,"rr","richness",NA,NA,NA,NA,NA,NA,NA
"378",2002,"Varagaliar",NA,NA,NA,NA,NA,NA,NA,NA,NA,NA,NA,NA,NA,NA,NA,"rr","richness",NA,NA,NA,NA,NA,NA,NA
"379",2002,"Varatuparai123",NA,NA,NA,NA,NA,NA,NA,NA,NA,NA,NA,NA,NA,NA,NA,"rr","richness",NA,NA,NA,NA,NA,NA,NA
"380",2002,"Varatuparai4",NA,NA,NA,NA,NA,NA,NA,NA,NA,NA,NA,NA,NA,NA,NA,"rr","richness",NA,NA,NA,NA,NA,NA,NA
"381",2003,"Akkamalai_Iyerpadi",8,8.96666666666667,0.966666666666667,4.33814116916106,0.937447379073268,2.35435435435435,0.449959426537124,999,NA,NA,NA,2.26608465608466,0.219973613459916,2.29899920946693,0.228281164354962,"rr","richness",43099800,136575.6259,1.18758999323785,-2.55177881968427,-0.683140050137238,-0.372779200136689,0.90721003638257
"382",2003,"Andiparai",NA,NA,NA,NA,NA,NA,NA,NA,NA,NA,NA,NA,NA,NA,NA,"rr","richness",NA,NA,NA,NA,NA,NA,NA
"383",2003,"Candura",NA,NA,NA,NA,NA,NA,NA,NA,NA,NA,NA,NA,NA,NA,NA,"rr","richness",NA,NA,NA,NA,NA,NA,NA
"384",2003,"Injiparai",8,9.92592592592593,1.3618352822852,3.72355467856032,0.959023419289371,2.00500500500501,0.259054421621594,999,NA,NA,NA,1.99753086419753,0.2249640548629,2.03281575086624,0.226221194977423,"rr","richness",189800,2290.384,1.04497671260108,1.69456066369744,-0.994156883596452,0.156123572224492,-0.955398174307941
"385",2003,"Iyerpadi-Top",NA,NA,NA,NA,NA,NA,NA,NA,NA,NA,NA,NA,NA,NA,NA,"rr","richness",NA,NA,NA,NA,NA,NA,NA
"386",2003,"Karian-Shola",NA,NA,NA,NA,NA,NA,NA,NA,NA,NA,NA,NA,NA,NA,NA,"rr","richness",NA,NA,NA,NA,NA,NA,NA
"387",2003,"Korangamudi",NA,NA,NA,NA,NA,NA,NA,NA,NA,NA,NA,NA,NA,NA,NA,"rr","richness",NA,NA,NA,NA,NA,NA,NA
"388",2003,"Manamboly",NA,NA,NA,NA,NA,NA,NA,NA,NA,NA,NA,NA,NA,NA,NA,"rr","richness",NA,NA,NA,NA,NA,NA,NA
"389",2003,"Murugaali-BlackBridge",NA,NA,NA,NA,NA,NA,NA,NA,NA,NA,NA,NA,NA,NA,NA,"rr","richness",NA,NA,NA,NA,NA,NA,NA
"390",2003,"Murugaali-Sholayar",NA,NA,NA,NA,NA,NA,NA,NA,NA,NA,NA,NA,NA,NA,NA,"rr","richness",NA,NA,NA,NA,NA,NA,NA
"391",2003,"OldValparai",NA,NA,NA,NA,NA,NA,NA,NA,NA,NA,NA,NA,NA,NA,NA,"rr","richness",NA,NA,NA,NA,NA,NA,NA
"392",2003,"Pannimade",NA,NA,NA,NA,NA,NA,NA,NA,NA,NA,NA,NA,NA,NA,NA,"rr","richness",NA,NA,NA,NA,NA,NA,NA
"393",2003,"Puduthottam",9,12.8666666666667,1.93333333333333,4.05862305632712,0.935065675278015,1.96746746746747,0.171029807585866,999,NA,NA,NA,1.96444444444444,0.198610942158926,1.98122057997257,0.200572952203687,"rr","richness",1130800,6052.1937,1.0506030618116,1.40701856939258,-1.3173951929364,0.499946515468623,-0.721498168355601
"394",2003,"Sankarankudi",NA,NA,NA,NA,NA,NA,NA,NA,NA,NA,NA,NA,NA,NA,NA,"rr","richness",NA,NA,NA,NA,NA,NA,NA
"395",2003,"Selaliparai1",NA,NA,NA,NA,NA,NA,NA,NA,NA,NA,NA,NA,NA,NA,NA,"rr","richness",NA,NA,NA,NA,NA,NA,NA
"396",2003,"Selaliparai2",NA,NA,NA,NA,NA,NA,NA,NA,NA,NA,NA,NA,NA,NA,NA,"rr","richness",NA,NA,NA,NA,NA,NA,NA
"397",2003,"Varagaliar",NA,NA,NA,NA,NA,NA,NA,NA,NA,NA,NA,NA,NA,NA,NA,"rr","richness",NA,NA,NA,NA,NA,NA,NA
"398",2003,"Varatuparai123",NA,NA,NA,NA,NA,NA,NA,NA,NA,NA,NA,NA,NA,NA,NA,"rr","richness",NA,NA,NA,NA,NA,NA,NA
"399",2003,"Varatuparai4",NA,NA,NA,NA,NA,NA,NA,NA,NA,NA,NA,NA,NA,NA,NA,"rr","richness",NA,NA,NA,NA,NA,NA,NA
"400",2004,"Akkamalai_Iyerpadi",13,14.9770114942529,1.39795823406996,4.56623510603472,0.995400899473967,2.32832832832833,0.469840194027881,999,NA,NA,NA,2.34763729246488,0.117946551319961,2.39620407324312,0.122610005444245,"rr","richness",43099800,136575.6259,1.18758999323785,-2.55177881968427,-0.683140050137238,-0.372779200136689,0.90721003638257
"401",2004,"Andiparai",NA,NA,NA,NA,NA,NA,NA,NA,NA,NA,NA,NA,NA,NA,NA,"rr","richness",NA,NA,NA,NA,NA,NA,NA
"402",2004,"Candura",NA,NA,NA,NA,NA,NA,NA,NA,NA,NA,NA,NA,NA,NA,NA,"rr","richness",NA,NA,NA,NA,NA,NA,NA
"403",2004,"Injiparai",11,13.8928571428571,1.6701918501557,4.27227948511492,1.06076917495724,2.13363363363363,0.314017713128139,999,NA,NA,NA,2.29263038548753,0.260178276342118,2.34061182626738,0.272402580343533,"rr","richness",189800,2290.384,1.04497671260108,1.69456066369744,-0.994156883596452,0.156123572224492,-0.955398174307941
"404",2004,"Iyerpadi-Top",NA,NA,NA,NA,NA,NA,NA,NA,NA,NA,NA,NA,NA,NA,NA,"rr","richness",NA,NA,NA,NA,NA,NA,NA
"405",2004,"Karian-Shola",NA,NA,NA,NA,NA,NA,NA,NA,NA,NA,NA,NA,NA,NA,NA,"rr","richness",NA,NA,NA,NA,NA,NA,NA
"406",2004,"Korangamudi",9,9.975,0.975,4.49390811416215,0.97436277807925,1.73073073073073,0.413410671528001,999,NA,NA,NA,1.83190476190476,0.169422150544242,1.85313296642217,0.17516387111023,"rr","richness",733200,4665.1673,1.04575990232253,4.27286390311901,-0.788614935469809,0.4908677508156,1.62674955568422
"407",2004,"Manamboly",10,10.9777777777778,0.977777777777778,4.55766211038114,0.985328581688248,2.34134134134134,0.474397204901799,999,NA,NA,NA,2.34704184704185,0.173308601230472,2.39186676891705,0.17670142484317,"rr","richness",1749500,11653.4501,1.1098645789596,-2.55910595749692,-0.840517518659218,1.0402948690943,0.220871355806957
"408",2004,"Murugaali-BlackBridge",NA,NA,NA,NA,NA,NA,NA,NA,NA,NA,NA,NA,NA,NA,NA,"rr","richness",NA,NA,NA,NA,NA,NA,NA
"409",2004,"Murugaali-Sholayar",NA,NA,NA,NA,NA,NA,NA,NA,NA,NA,NA,NA,NA,NA,NA,"rr","richness",NA,NA,NA,NA,NA,NA,NA
"410",2004,"OldValparai",12,15.8620689655172,2.37906045664281,4.23723800902426,1.04170743706462,2.16016016016016,0.366938225996924,999,NA,NA,NA,2.37394636015326,0.24069750469934,2.39120068750636,0.240258269127998,"rr","richness",413100,4504.4459,1.0867348264868,0.39783865761774,-0.657843216711077,0.313279928145499,-0.477833975350568
"411",2004,"Pannimade",NA,NA,NA,NA,NA,NA,NA,NA,NA,NA,NA,NA,NA,NA,NA,"rr","richness",NA,NA,NA,NA,NA,NA,NA
"412",2004,"Puduthottam",10,11.9545454545455,1.38207234504643,4.13185834742517,0.964797443547152,2.0015015015015,0.0353588495886987,999,NA,NA,NA,2.08874458874459,0.160638849479074,2.12181034443449,0.164946455958117,"rr","richness",1130800,6052.1937,1.0506030618116,1.40701856939258,-1.3173951929364,0.499946515468623,-0.721498168355601
"413",2004,"Sankarankudi",NA,NA,NA,NA,NA,NA,NA,NA,NA,NA,NA,NA,NA,NA,NA,"rr","richness",NA,NA,NA,NA,NA,NA,NA
"414",2004,"Selaliparai1",NA,NA,NA,NA,NA,NA,NA,NA,NA,NA,NA,NA,NA,NA,NA,"rr","richness",NA,NA,NA,NA,NA,NA,NA
"415",2004,"Selaliparai2",NA,NA,NA,NA,NA,NA,NA,NA,NA,NA,NA,NA,NA,NA,NA,"rr","richness",NA,NA,NA,NA,NA,NA,NA
"416",2004,"Varagaliar",NA,NA,NA,NA,NA,NA,NA,NA,NA,NA,NA,NA,NA,NA,NA,"rr","richness",NA,NA,NA,NA,NA,NA,NA
"417",2004,"Varatuparai123",NA,NA,NA,NA,NA,NA,NA,NA,NA,NA,NA,NA,NA,NA,NA,"rr","richness",NA,NA,NA,NA,NA,NA,NA
"418",2004,"Varatuparai4",NA,NA,NA,NA,NA,NA,NA,NA,NA,NA,NA,NA,NA,NA,NA,"rr","richness",NA,NA,NA,NA,NA,NA,NA
"419",2005,"Akkamalai_Iyerpadi",11,11.9905660377358,0.990566037735849,4.20155405123537,0.969809256603973,2.996996996997,0.0499598134194354,999,NA,NA,NA,2.68481691037064,0.110542731173178,2.81349044638142,0.116116896829467,"rr","richness",43099800,136575.6259,1.18758999323785,-2.68257402057486,-0.853469374396202,0.283211893302651,0.218556279826341
"420",2005,"Andiparai",9,11.9444444444444,1.6999757926139,4.07975840513802,0.838453298408677,2.07507507507508,0.276626850102742,999,NA,NA,NA,2.15026455026455,0.176437837126605,2.20291585188096,0.185317145915982,"rr","richness",3270000,16621.0744,1.11092872124682,-1.03360959086072,-0.619109160665784,0.116112499392861,-0.395812345768714
"421",2005,"Candura",NA,NA,NA,NA,NA,NA,NA,NA,NA,NA,NA,NA,NA,NA,NA,"rr","richness",NA,NA,NA,NA,NA,NA,NA
"422",2005,"Injiparai",8,9.93333333333333,1.36707311029399,3.24960576389288,0.872965351066647,2.24324324324324,0.394592572774589,999,NA,NA,NA,2.05055463055463,0.151428979674274,2.17210667152271,0.167107936350381,"rr","richness",189800,2290.384,1.04497671260108,1.60152574811717,0.121847005706139,1.14297758019706,-0.906657351104359
"423",2005,"Iyerpadi-Top",NA,NA,NA,NA,NA,NA,NA,NA,NA,NA,NA,NA,NA,NA,NA,"rr","richness",NA,NA,NA,NA,NA,NA,NA
"424",2005,"Karian-Shola",NA,NA,NA,NA,NA,NA,NA,NA,NA,NA,NA,NA,NA,NA,NA,"rr","richness",NA,NA,NA,NA,NA,NA,NA
"425",2005,"Korangamudi",8,8,0,3.8154140819442,0.959322442325312,1.998998998999,0.130510785490156,999,NA,NA,NA,2.05135802469136,0.176985747119592,2.09827173246341,0.179399325933283,"rr","richness",733200,4665.1673,1.04575990232253,1.75454072876755,-0.0637009523024074,1.1887820010461,-0.877974429890985
"426",2005,"Manamboly",13,13.9782608695652,0.978260869565217,4.84170297103056,1.02467150095306,3.05655655655656,0.276962038004391,999,NA,NA,NA,3.08597622369723,0.26024497968279,3.23837822789207,0.277733763721544,"rr","richness",1749500,11653.4501,1.1098645789596,-1.45808223945221,-0.966243943931065,0.641569466530744,0.107665916247909
"427",2005,"Murugaali-BlackBridge",NA,NA,NA,NA,NA,NA,NA,NA,NA,NA,NA,NA,NA,NA,NA,"rr","richness",NA,NA,NA,NA,NA,NA,NA
"428",2005,"Murugaali-Sholayar",NA,NA,NA,NA,NA,NA,NA,NA,NA,NA,NA,NA,NA,NA,NA,"rr","richness",NA,NA,NA,NA,NA,NA,NA
"429",2005,"OldValparai",11,15.8648648648649,2.17563370783763,3.55674173005223,0.932216449538433,2.57957957957958,0.493873714541738,999,NA,NA,NA,2.44730644730645,0.17334256217362,2.57762458888224,0.187917281265996,"rr","richness",413100,4504.4459,1.0867348264868,-0.548614341383759,-0.519067850127907,0.807812127640379,-0.627964075276018
"430",2005,"Pannimade",8,8.97777777777778,0.977777777777778,3.69938882443792,0.925911605336823,2.02802802802803,0.165135564687515,999,NA,NA,NA,2.15552092352092,0.150470382040149,2.23385205194702,0.157464394158201,"rr","richness",921300,7447.913,1.09649722230686,-1.51618975498794,-0.891042545304972,0.485483813862815,-2.20406500675876
"431",2005,"Puduthottam",11,12.962962962963,1.38802442232915,3.9102471089982,0.932627395887517,2.86586586586587,0.320517533068059,999,NA,NA,NA,2.52366111255,0.155215950760278,2.63518409099137,0.165601181039547,"rr","richness",1130800,6052.1937,1.0506030618116,0.478094759693174,0.470608236744491,1.25577371742388,-0.47056404301112
"432",2005,"Sankarankudi",NA,NA,NA,NA,NA,NA,NA,NA,NA,NA,NA,NA,NA,NA,NA,"rr","richness",NA,NA,NA,NA,NA,NA,NA
"433",2005,"Selaliparai1",NA,NA,NA,NA,NA,NA,NA,NA,NA,NA,NA,NA,NA,NA,NA,"rr","richness",NA,NA,NA,NA,NA,NA,NA
"434",2005,"Selaliparai2",NA,NA,NA,NA,NA,NA,NA,NA,NA,NA,NA,NA,NA,NA,NA,"rr","richness",NA,NA,NA,NA,NA,NA,NA
"435",2005,"Varagaliar",NA,NA,NA,NA,NA,NA,NA,NA,NA,NA,NA,NA,NA,NA,NA,"rr","richness",NA,NA,NA,NA,NA,NA,NA
"436",2005,"Varatuparai123",10,10.9655172413793,0.96551724137931,4.64926719272454,0.990021522564163,3.13713713713714,0.417805379192246,999,NA,NA,NA,2.74167288650047,0.249056687100033,2.87505929820242,0.264303784849067,"rr","richness",125200,2744.1716,1.11281735148559,0.476593003687,-0.424958763835936,-0.0344848505067977,0.15467459483705
"437",2005,"Varatuparai4",NA,NA,NA,NA,NA,NA,NA,NA,NA,NA,NA,NA,NA,NA,NA,"rr","richness",NA,NA,NA,NA,NA,NA,NA
"438",2019,"Akkamalai_Iyerpadi",12,12.9895833333333,0.989583333333333,3.98670416057942,0.996518542378805,1.998998998999,0.0316385998584166,999,NA,NA,NA,1.98177274114774,0.106003138191612,2.03834422399336,0.112095003431897,"rr","richness",43099800,136575.6259,1.18758999323785,-1.7487398450724,0.375272024176195,-0.818357125718273,0.0818770370734566
"439",2019,"Andiparai",7,8.95121951219512,1.37972054865668,3.23323919632464,0.814791103331155,1.24324324324324,0.429255649604436,999,NA,NA,NA,1.54308943089431,0.137771309309877,1.56238044264981,0.140095776703123,"rr","richness",3270000,16621.0744,1.11092872124682,-1.66184434652997,1.00312155178973,-0.190226727231058,1.07922163797179
"440",2019,"Candura",10,10.9818181818182,0.981818181818182,3.69392073116683,0.985050129173431,2.04404404404404,0.210119877183567,999,NA,NA,NA,1.98702880320105,0.126788763636102,2.06472096204231,0.13562349678013,"rr","richness",1033000,10502.9635,1.13707842639746,2.09926112863129,-0.689693271599241,-0.658478507095573,0.535794247501479
"441",2019,"Injiparai",9,11.88,1.66276877526612,3.88663470364613,0.965946558091991,2.12712712712713,0.345098595964586,999,NA,NA,NA,2.16152380952381,0.214299470457929,2.19971525960412,0.222214829079988,"rr","richness",189800,2290.384,1.04497671260108,0.523068354062754,0.964852162984285,-1.07925651469438,-1.35078594732249
"442",2019,"Iyerpadi-Top",10,13.9,1.95,3.65388473930791,0.950399273135041,2,0.0447661481035845,999,NA,NA,NA,2.02,0.156951924698662,2.0568494674376,0.159719281504109,"rr","richness",1039100,9248.8825,1.11823860923973,-0.522233885364177,0.709215805080403,-0.83871375137023,0.930961330961451
"443",2019,"Karian-Shola",13,15.9433962264151,1.69937060365248,4.72370342381999,1.10455346323121,1.96796796796797,0.176173349497366,999,NA,NA,NA,1.92578616352201,0.151843699796012,1.95156153014572,0.154352199071179,"rr","richness",8542700,22397.7708,1.08146673914852,1.01860808335048,0.415036662992566,-0.558362564360393,-0.308930084587089
"444",2019,"Korangamudi",10,11.9565217391304,1.38346978927803,3.6037449366406,0.998023688414322,1.98448448448448,0.116346820647834,999,NA,NA,NA,1.74444444444444,0.12493607715277,1.77149718120661,0.126764961490956,"rr","richness",733200,4665.1673,1.04575990232253,1.34665369011205,2.24405123470459,0.15045558349858,-0.814964402869312
"445",2019,"Manamboly",13,16.9148936170213,3.11511451373467,4.06348422340236,1.01347906848632,2.24424424424424,0.429853407929985,999,NA,NA,NA,2.27455995541102,0.16759112107517,2.36323677924577,0.17801973915209,"rr","richness",1749500,11653.4501,1.1098645789596,-1.70010046106751,0.376293318142868,-0.968429534139118,-0.198960495466496
"446",2019,"Murugaali-BlackBridge",8,8.95,0.95,4.2111421298201,0.992723166707031,2.2967967967968,0.417250459126209,999,NA,NA,NA,2.3,0.200555635277689,2.34673446242251,0.207456858464398,"rr","richness",157900,2582.9107,1.08112459984329,1.02145950832878,2.77310358155314,-0.0275700976617355,0.597980509274661
"447",2019,"Murugaali-Sholayar",13,14.9574468085106,1.38412391210984,4.57485881251689,1.08729070994359,2.43943943943944,0.496567462259899,999,NA,NA,NA,2.24361217978239,0.150334824751554,2.32552308431823,0.156760600122321,"rr","richness",1024300,13196.0889,1.17076046018843,1.60816124563992,0.4927339766387,-1.39901824432365,-0.0963411250820838
"448",2019,"OldValparai",13,15.9285714285714,1.69081150262676,4.37740690960977,1.06585368014099,2.5015015015015,0.468173173075651,999,NA,NA,NA,2.25578522007093,0.177880832334377,2.3368519791159,0.185714305291384,"rr","richness",413100,4504.4459,1.0867348264868,-0.275528058003408,0.850420921216806,-0.963514791549974,0.0867965515561396
"449",2019,"Pannimade",11,12.9591836734694,1.38535206110017,3.77154639439553,1.01868359529983,2,0,999,NA,NA,NA,2.07895458163987,0.151507773643412,2.1176039881273,0.157028015934168,"rr","richness",921300,7447.913,1.09649722230686,-1.35708844259299,0.698695894323255,-0.752334313968726,0.0115424097394699
"450",2019,"Puduthottam",9,10.9555555555556,1.38278659432036,3.73570501380292,1.03977826723952,1.02902902902903,0.167971983773556,999,NA,NA,NA,1.55111111111111,0.160588064533654,1.56157740339544,0.161746354285746,"rr","richness",1130800,6052.1937,1.0506030618116,0.705491057110688,3.83926836833697,-0.962275590114632,-0.899521816191591
"451",2019,"Sankarankudi",NA,NA,NA,NA,NA,NA,NA,NA,NA,NA,NA,NA,NA,NA,NA,"rr","richness",NA,NA,NA,NA,NA,NA,NA
"452",2019,"Selaliparai1",6,9.73333333333333,2.31324687638633,2.98920260149646,0.865343537380016,1.61561561561562,0.486693062072736,999,NA,NA,NA,1.62666666666667,0.279531475321387,1.64464298163513,0.28127310661272,"rr","richness",22200,936.4225,1.09029886105024,0.11431946734733,0.834287205902118,0.716427427668396,-0.783957816254728
"453",2019,"Selaliparai2",5,5,0,3.72606737723173,0.784025812966423,1.98448448448448,0.366439716243738,999,NA,NA,NA,1.96,0.379618072927116,1.97797631496846,0.37821952728439,"rr","richness",6700,359.7341,1.02137136200681,0.582995982258129,-0.613671226942531,-0.103247205755412,1.96337189143322
"454",2019,"Varagaliar",12,12.9777777777778,0.977777777777778,4.61397020926857,1.08729538648539,1.98598598598599,0.117607256312178,999,NA,NA,NA,1.92504409171076,0.167887117057459,1.98872448361892,0.177198906760282,"rr","richness",14110900,43267.566,1.12849055214815,-0.74513425855289,1.03574390892059,-1.1817014849353,0.919398335810331
"455",2019,"Varatuparai123",7,9.82352941176471,1.63016546594718,4.03122155930831,0.880764295220736,1.3963963963964,0.489393542157268,999,NA,NA,NA,1.54509803921569,0.211887342136279,1.56518766320181,0.219170663629872,"rr","richness",125200,2744.1716,1.11281735148559,-0.390849748934924,0.91556950700923,0.49398514246937,1.04287809503777
"456",2019,"Varatuparai4",5,6.83333333333333,1.29636243217534,3.35626013806119,0.758696481217973,1.32232232232232,0.476619917022797,999,NA,NA,NA,1.62222222222222,0.341120092474894,1.64319239163237,0.349763172493755,"rr","richness",38500,1676.2152,1.14373230429723,-2.08718422887907,1.13681888922675,2.28795668344075,1.1538870369184
